IDStations,Latitude,Longitude,Time,Altitude,AQ_pm10,AQ_pm25,AQ_co,AQ_nh3,AQ_nox,AQ_no2,AQ_so2,WE_temp_2m,WE_wind_speed_10m_mean,WE_wind_speed_10m_max,WE_mode_wind_direction_10m,WE_tot_precipitation,WE_precipitation_t,WE_surface_pressure,WE_solar_radiation,WE_rh_min,WE_rh_mean,WE_rh_max,WE_wind_speed_100m_mean,WE_wind_speed_100m_max,WE_mode_wind_direction_100m,WE_blh_layer_max,WE_blh_layer_min,EM_nh3_livestock_mm,EM_nh3_agr_soils,EM_nh3_agr_waste_burn,EM_nh3_sum,EM_nox_traffic,EM_nox_sum,EM_so2_sum,LI_pigs,LI_bovine,LI_pigs_v2,LI_bovine_v2,LA_hvi,LA_lvi,LA_land_use,LA_soil_use
STA-CH0033A,46.1603,8.93394,2020-01-01,203,28.19,24.48,NA,NA,68.77,28.74,2.173,4.064,0.8807,1.354,S,2.127e-6,0,91820,4437000,56.4,64.74,77.04,1.469,3.881,S,126.3,11.3,1.142,0.03312,4.089e-4,1.921,1.382,4.356,2.656,NA,NA,NA,NA,2.505,2.27,211,NA
STA-CH0033A,46.1603,8.93394,2020-01-02,203,23.76,20.23,NA,NA,104.7,35.55,2.301,2.14,0.7672,1.107,S,1.071e-6,0,91850,4082000,54.37,72.32,92.36,1.048,3.058,S,182,12.6,1.14,0.02846,3.975e-4,1.916,1.377,4.356,2.661,NA,NA,NA,NA,2.503,2.269,211,NA
STA-CH0033A,46.1603,8.93394,2020-01-03,203,24.85,21.44,NA,NA,116.7,34.91,2.599,1.598,0.9067,1.46,S,2.09e-6,0,91420,3002000,61.29,73.45,83.97,1.816,3.807,S,122.1,15.75,1.138,0.02464,3.853e-4,1.913,1.374,4.359,2.668,NA,NA,NA,NA,2.502,2.269,211,NA
STA-CH0033A,46.1603,8.93394,2020-01-04,203,14.74,12.56,NA,NA,56.66,25.12,1.89,2.192,1.524,1.824,S,2.401e-5,0,91290,3699000,61.3,68.75,80.94,4.418,5.524,S,545.8,55.04,1.137,0.02162,3.723e-4,1.911,1.37,4.365,2.678,NA,NA,NA,NA,2.5,2.268,211,NA
STA-CH0033A,46.1603,8.93394,2020-01-05,203,14.82,11.73,NA,NA,42.21,26.78,1.486,2.027,1.129,1.78,S,2.525e-6,0,91630,4473000,46.63,60.38,69.79,3.354,5.357,S,426,21.73,1.136,0.01936,3.586e-4,1.911,1.367,4.374,2.69,NA,NA,NA,NA,2.499,2.268,211,NA
STA-CH0033A,46.1603,8.93394,2020-01-06,203,30.89,27.82,NA,NA,72.64,38.08,2.451,1.968,0.5221,0.7928,S,8.508e-7,0,91670,4458000,54.21,68.05,80,0.9699,2.96,S,345.8,12.61,1.135,0.01783,3.444e-4,1.913,1.365,4.385,2.705,NA,NA,NA,NA,2.498,2.267,211,NA
STA-CH0033A,46.1603,8.93394,2020-01-07,203,31.71,29.55,NA,NA,114.8,40.35,2.691,3.32,0.7636,1.01,S,9.949e-6,0,91380,3759000,53.67,60.75,76.72,2.617,3.475,S,264.2,43.66,1.135,0.01699,3.296e-4,1.917,1.363,4.399,2.721,NA,NA,NA,NA,2.496,2.267,211,NA
STA-CH0033A,46.1603,8.93394,2020-01-08,203,33.02,19.21,NA,NA,116.4,45.99,3.18,3.201,0.8041,1.228,S,0,0,91710,4594000,50.07,64.02,71.02,1.659,3.782,S,142.4,13.06,1.135,0.01682,3.144e-4,1.922,1.361,4.414,2.74,NA,NA,NA,NA,2.495,2.266,211,NA
STA-CH0033A,46.1603,8.93394,2020-01-09,203,25.07,18.5,NA,NA,105.3,39.78,3.158,1.184,0.7541,1.181,S,5.406e-7,0,91390,4159000,70.17,86.7,95.76,0.7777,2.447,N,177.6,11.13,1.136,0.01728,2.989e-4,1.928,1.36,4.432,2.76,NA,NA,NA,NA,2.493,2.266,211,NA
STA-CH0033A,46.1603,8.93394,2020-01-10,203,23.41,17.1,NA,NA,87.38,40.43,3.233,1.65,0.745,1.185,S,9.728e-5,0,91150,4245000,65.46,79.59,98.37,1.457,3.657,S,595.8,21.45,1.136,0.01834,2.831e-4,1.936,1.359,4.45,2.781,NA,NA,NA,NA,2.492,2.265,211,NA
STA-CH0033A,46.1603,8.93394,2020-01-11,203,23.6,18.02,NA,NA,83.14,40.63,2.256,2.727,0.992,1.538,S,6.654e-7,0,91570,4927000,52.06,66.39,73.94,2.51,4.12,S,210.4,15.6,1.138,0.01995,2.672e-4,1.945,1.359,4.47,2.803,NA,NA,NA,NA,2.49,2.265,211,NA
STA-CH0033A,46.1603,8.93394,2020-01-12,203,22.15,17.65,NA,NA,63.36,36.26,2.184,1.789,0.6995,1.133,S,5.903e-7,0,91490,4724000,48.61,66.13,84.48,1.079,2.469,S,248.7,10.51,1.139,0.0221,2.511e-4,1.954,1.359,4.491,2.827,NA,NA,NA,NA,2.489,2.264,211,NA
STA-CH0033A,46.1603,8.93394,2020-01-13,203,27.48,19.43,NA,NA,111.2,40.81,3.229,1.232,0.6331,1.215,S,9.559e-7,0,91200,4481000,45.99,63.57,77.2,0.9399,2.33,N,311.9,11.05,1.141,0.02474,2.349e-4,1.965,1.359,4.512,2.85,NA,NA,NA,NA,2.487,2.264,211,NA
STA-CH0033A,46.1603,8.93394,2020-01-14,203,28.67,20.22,NA,NA,116.2,41.68,2.659,0.7203,0.4444,0.6741,S,5.708e-6,0,91170,3524000,59.76,73.38,78.72,0.8569,2.157,SE,398.7,18.9,1.143,0.02784,2.189e-4,1.977,1.36,4.535,2.874,NA,NA,NA,NA,2.486,2.263,211,NA
STA-CH0033A,46.1603,8.93394,2020-01-15,203,30.66,21.68,NA,NA,91.98,45.29,3.514,1.118,0.5108,0.7939,S,5.097e-5,5,91460,2500000,67.94,78.98,91.99,0.9738,2.381,N,299,19.04,1.145,0.03137,2.029e-4,1.989,1.361,4.557,2.898,NA,NA,NA,NA,2.484,2.263,211,NA
STA-CH0033A,46.1603,8.93394,2020-01-16,203,24.46,17.29,NA,NA,95.14,41.97,3.118,1.584,0.6914,0.972,S,2.563e-6,0,91680,4512000,59.8,76.23,88.34,1.224,2.517,S,350.7,13.96,1.148,0.0353,1.871e-4,2.002,1.362,4.579,2.922,NA,NA,NA,NA,2.485,2.263,211,NA
STA-CH0033A,46.1603,8.93394,2020-01-17,203,23.99,16.51,NA,NA,85.93,39.31,2.312,1.507,0.7256,1.006,S,0.001679,5,91220,3728000,65.64,79.15,95.54,1.154,2.665,S,365.4,13.72,1.151,0.03958,1.717e-4,2.015,1.364,4.601,2.945,NA,NA,NA,NA,2.486,2.264,211,NA
STA-CH0033A,46.1603,8.93394,2020-01-18,203,20.31,16.5,NA,NA,30.54,23.64,2.081,1.891,1.06,1.353,S,0.00158,0,91030,4252000,41.94,66.58,84.92,3.147,3.972,S,1037,49.32,1.154,0.04419,1.565e-4,2.029,1.365,4.623,2.968,NA,NA,NA,NA,2.487,2.264,211,NA
STA-CH0033A,46.1603,8.93394,2020-01-19,203,3.444,3.067,NA,NA,4.765,4.822,0.9601,-0.9697,1.228,1.442,S,3.891e-6,0,91540,4530000,43.13,57.87,66.93,3.397,3.94,S,1287,79.18,1.158,0.0491,1.419e-4,2.043,1.367,4.643,2.99,NA,NA,NA,NA,2.488,2.265,211,NA
STA-CH0033A,46.1603,8.93394,2020-01-20,203,15.4,8.003,NA,NA,51.25,30.04,2.212,-1.341,0.8742,1.417,S,5.363e-7,0,92530,5285000,31.3,49.59,65.7,1.934,3.624,S,580.8,12.85,1.162,0.05426,1.277e-4,2.057,1.37,4.663,3.01,NA,NA,NA,NA,2.488,2.265,211,NA
STA-CH0033A,46.1603,8.93394,2020-01-21,203,32.39,16.08,NA,NA,102.6,47.48,2.961,1.439,0.6977,1.031,S,8.508e-7,0,92590,5354000,38.94,52.77,70.88,1.221,2.972,S,254.8,14.21,1.166,0.05965,1.141e-4,2.071,1.372,4.681,3.029,NA,NA,NA,NA,2.489,2.265,211,NA
STA-CH0033A,46.1603,8.93394,2020-01-22,203,34.08,17.7,NA,NA,99.64,44.36,3.259,1.839,0.9303,1.326,S,3.417e-6,0,91990,5555000,37.7,62.56,84.52,1.337,3.5,S,200.4,12.38,1.17,0.06523,1.012e-4,2.085,1.375,4.698,3.047,NA,NA,NA,NA,2.49,2.266,211,NA
STA-CH0033A,46.1603,8.93394,2020-01-23,203,34.75,22.94,NA,NA,103.5,42.83,3.026,3.524,0.7763,1.192,S,1.702e-6,0,91680,5638000,33.51,50.44,68.55,1.227,3.196,N,239.4,11.8,1.174,0.07097,8.906e-5,2.099,1.378,4.713,3.062,NA,NA,NA,NA,2.491,2.266,211,NA
STA-CH0033A,46.1603,8.93394,2020-01-24,203,31.69,19.99,NA,NA,80.78,40.59,3.465,1.592,0.7048,1.303,S,8.248e-5,0,91330,5137000,41.21,63.61,84.46,1.059,2.799,S,169.8,12.75,1.179,0.07684,7.774e-5,2.113,1.381,4.726,3.076,NA,NA,NA,NA,2.491,2.267,211,NA
STA-CH0033A,46.1603,8.93394,2020-01-25,203,34.92,25.94,NA,NA,60.99,34.1,2.918,2.061,0.5464,0.9576,S,1.369e-4,0,91030,5219000,57.6,73.32,82.87,0.747,1.703,S,436.1,17.43,1.184,0.08279,6.733e-5,2.126,1.384,4.737,3.087,NA,NA,NA,NA,2.492,2.267,211,NA
STA-CH0033A,46.1603,8.93394,2020-01-26,203,31.81,23.39,NA,NA,48.36,30.23,3.125,1.624,0.6907,1.097,S,1.265e-5,0,90790,5280000,62.27,78.51,90.69,1.107,1.804,S,553.8,12.82,1.189,0.0888,5.79e-5,2.139,1.387,4.745,3.095,NA,NA,NA,NA,2.493,2.268,211,NA
STA-CH0033A,46.1603,8.93394,2020-01-27,203,34.6,21.64,NA,NA,77.66,37.7,2.846,1.086,0.7283,1.175,S,0.002824,0,90530,5231000,59.82,81.81,93.11,1.58,2.301,S,720.1,29.83,1.194,0.09484,4.954e-5,2.151,1.39,4.751,3.101,NA,NA,NA,NA,2.494,2.268,211,NA
STA-CH0033A,46.1603,8.93394,2020-01-28,203,27.01,21.65,NA,NA,45.35,30.74,2.39,1.615,0.4635,1.014,S,0.006882,1,89670,1851000,70.04,86.81,94.53,1.427,2.853,N,483,32.71,1.199,0.1009,4.233e-5,2.163,1.394,4.753,3.103,NA,NA,NA,NA,2.494,2.268,211,NA
STA-CH0033A,46.1603,8.93394,2020-01-29,203,6,5.373,NA,NA,8.893,9.051,1.734,2.081,0.9933,1.191,S,0.00309,0,89980,4765000,56.89,67.36,77.88,2.642,3.646,S,709.6,32.69,1.204,0.1069,3.633e-5,2.174,1.397,4.752,3.102,NA,NA,NA,NA,2.495,2.269,211,NA
STA-CH0033A,46.1603,8.93394,2020-01-30,203,10.75,7.029,NA,NA,32.95,25.16,1.795,2.575,0.8887,1.398,S,2.183e-4,0,90640,5705000,39.02,58.48,74.48,1.944,3.646,S,449.1,13.31,1.21,0.1128,3.163e-5,2.184,1.401,4.748,3.097,NA,NA,NA,NA,2.496,2.269,211,NA
STA-CH0033A,46.1603,8.93394,2020-01-31,203,16.94,10.59,NA,NA,70.72,34.99,2.249,3.444,0.7638,1.17,S,1.226e-5,0,90670,5407000,61.85,78.38,97.28,1.283,3.175,S,276.4,11.16,1.216,0.1186,2.832e-5,2.192,1.405,4.74,3.088,NA,NA,NA,NA,2.497,2.27,211,NA
STA-CH0033A,46.1603,8.93394,2020-02-01,203,19.35,15.19,NA,NA,59.11,28.63,2.346,2.153,0.7542,1.229,S,8.324e-4,1,90640,1433000,81.35,91.86,98.36,1.09,3.428,NE,278.4,14.21,1.222,0.1242,2.646e-5,2.2,1.408,4.728,3.076,NA,NA,NA,NA,2.497,2.27,211,NA
STA-CH0033A,46.1603,8.93394,2020-02-02,203,17.85,15.03,NA,NA,38.95,19.44,2.427,5.462,0.805,1.305,S,0.004162,1,90690,3821000,64.18,79.52,91.17,1.73,3.362,S,296.1,20.02,1.227,0.1298,2.539e-5,2.207,1.412,4.711,3.058,NA,NA,NA,NA,2.498,2.271,211,NA
STA-CH0033A,46.1603,8.93394,2020-02-03,203,23.76,12.73,NA,NA,33.67,21.35,1.844,7.282,1.119,1.389,S,8.29e-4,0,90580,4602000,65.9,75.91,88.55,2.796,4.406,S,541.8,29.32,1.233,0.1353,2.44e-5,2.212,1.417,4.688,3.035,NA,NA,NA,NA,2.499,2.271,211,NA
STA-CH0033A,46.1603,8.93394,2020-02-04,203,17.76,12.72,NA,NA,28.79,16.67,0.8286,2.29,1.275,2.01,SW,0.004213,1,90030,5634000,40.29,59.69,91.51,3.718,5.94,S,2682,12.61,1.239,0.1408,2.349e-5,2.216,1.422,4.661,3.008,NA,NA,NA,NA,2.5,2.272,211,NA
STA-CH0033A,46.1603,8.93394,2020-02-05,203,5.009,4.151,NA,NA,4.428,4.588,0.588,1.124,1.679,2.701,S,2.081e-4,0,91040,6650000,34.53,46.27,60,5.235,7.462,S,2648,139,1.245,0.1464,2.264e-5,2.219,1.428,4.629,2.976,NA,NA,NA,NA,2.5,2.272,211,NA
STA-CH0033A,46.1603,8.93394,2020-02-06,203,16.65,8.144,NA,NA,55.17,33.88,1.664,1.53,0.8114,1.3,S,5.847e-7,0,91490,6949000,34.37,47.27,57.76,1.979,4.227,S,628.8,16.56,1.251,0.152,2.186e-5,2.221,1.434,4.593,2.94,NA,NA,NA,NA,2.501,2.272,211,NA
STA-CH0033A,46.1603,8.93394,2020-02-07,203,22.01,12.88,NA,NA,79.36,41.47,2.757,3.023,0.7577,1.065,S,0,0,91300,7395000,38.66,53.46,69.52,1.16,2.21,S,384.1,10.76,1.256,0.1577,2.115e-5,2.222,1.441,4.554,2.901,NA,NA,NA,NA,2.502,2.273,211,NA
STA-CH0033A,46.1603,8.93394,2020-02-08,203,22.81,16.67,NA,NA,52.21,31.64,2.828,1.405,0.6909,0.9514,S,1.169e-6,0,91460,6368000,53.31,69.8,87.9,0.8007,1.981,N,533.2,12.53,1.262,0.1635,2.049e-5,2.223,1.448,4.511,2.858,NA,NA,NA,NA,2.503,2.273,211,NA
STA-CH0033A,46.1603,8.93394,2020-02-09,203,34.92,28.86,NA,NA,29.39,21.67,2.449,1.337,0.6785,1.211,S,0.001019,0,91460,7146000,60.03,76.09,91.36,1.195,2.545,N,744.5,21,1.269,0.1694,1.99e-5,2.223,1.456,4.465,2.812,NA,NA,NA,NA,2.503,2.274,211,NA
STA-CH0033A,46.1603,8.93394,2020-02-10,203,50.75,38.61,NA,NA,47.86,36.83,3.114,3.898,0.5206,1.032,SE,0.003357,1,90310,5058000,64.22,83.03,96.7,1.256,2.348,NE,586.1,13.19,1.275,0.1755,1.936e-5,2.223,1.463,4.416,2.764,NA,NA,NA,NA,2.504,2.274,211,NA
STA-CH0033A,46.1603,8.93394,2020-02-11,203,9.274,6.698,NA,NA,12.23,11.58,1.493,4.505,1.239,2.028,S,5.456e-4,0,89970,7833000,34.48,55.02,79.99,3.076,6.242,S,2204,14.59,1.281,0.1817,1.887e-5,2.223,1.471,4.366,2.713,NA,NA,NA,NA,2.505,2.275,211,NA
STA-CH0033A,46.1603,8.93394,2020-02-12,203,7.064,4.353,NA,NA,16.12,12.66,1.099,2.68,1.159,1.541,S,8.581e-6,0,90630,8054000,31.19,46.27,62.69,3.075,3.93,S,1795,40.16,1.288,0.1881,1.843e-5,2.222,1.479,4.314,2.661,NA,NA,NA,NA,2.506,2.275,211,NA
STA-CH0033A,46.1603,8.93394,2020-02-13,203,14.31,8.839,NA,NA,23.88,18.12,1.766,1.579,0.8463,1.161,S,0.002841,0,90580,7623000,40.8,56.1,81.59,1.878,3.346,S,1123,34.64,1.295,0.1948,1.804e-5,2.222,1.488,4.261,2.607,NA,NA,NA,NA,2.506,2.275,211,NA
STA-CH0033A,46.1603,8.93394,2020-02-14,203,10.19,7.588,NA,NA,16.56,12.82,1.543,4.37,0.9009,1.364,S,8.279e-4,0,90690,7156000,39.64,54.75,76.95,3.033,4.162,S,1179,63.28,1.302,0.2016,1.77e-5,2.222,1.496,4.207,2.552,NA,NA,NA,NA,2.507,2.276,211,NA
STA-CH0033A,46.1603,8.93394,2020-02-15,203,15.26,11.24,NA,NA,27.99,23.7,2.402,4.701,0.8143,1.137,S,5.847e-7,0,91470,8124000,43.13,57.82,71.33,1.171,2.479,SE,643.5,12.02,1.31,0.2087,1.739e-5,2.223,1.504,4.152,2.496,NA,NA,NA,NA,2.508,2.276,211,NA
STA-CH0033A,46.1603,8.93394,2020-02-16,203,20.42,16.3,NA,NA,26.82,21.84,1.569,4.188,0.6877,0.9663,S,3.837e-6,0,91480,6660000,54.48,65.47,80.02,0.8658,1.999,SE,546.9,13.18,1.318,0.2161,1.712e-5,2.224,1.513,4.097,2.44,NA,NA,NA,NA,2.512,2.277,211,NA
STA-CH0033A,46.1603,8.93394,2020-02-17,203,35.84,26.16,NA,NA,62.24,35.03,2.619,3.051,0.5525,0.8877,S,0.00165,1,91200,2656000,77.89,86.91,95.71,1.035,2.487,N,355.4,11.97,1.327,0.2238,1.689e-5,2.226,1.521,4.043,2.384,NA,NA,NA,NA,2.515,2.279,211,NA
STA-CH0033A,46.1603,8.93394,2020-02-18,203,14.95,10.83,NA,NA,15.39,13.8,1.256,3.893,1.121,1.493,S,4.961e-6,0,91160,9121000,33.57,63.77,93.15,2.82,3.878,S,1229,26.33,1.336,0.2319,1.669e-5,2.228,1.529,3.989,2.329,NA,NA,NA,NA,2.519,2.28,211,NA
STA-CH0033A,46.1603,8.93394,2020-02-19,203,9.308,4.272,NA,NA,19.52,12.93,1.325,2.264,1.126,1.614,S,0.001249,0,90900,7933000,41.19,59.44,76.77,2.944,4.386,S,1967,60.99,1.345,0.2402,1.652e-5,2.232,1.537,3.937,2.274,NA,NA,NA,NA,2.523,2.281,211,NA
STA-CH0033A,46.1603,8.93394,2020-02-20,203,14.26,7.026,NA,NA,33.82,26.64,1.81,3.409,0.7869,1.198,S,1.524e-7,0,91130,8942000,38.83,49.32,58.61,1.657,3.12,S,779.6,12.63,1.355,0.249,1.638e-5,2.236,1.545,3.886,2.22,NA,NA,NA,NA,2.526,2.282,211,NA
STA-CH0033A,46.1603,8.93394,2020-02-21,203,21.22,11.21,NA,NA,44.53,31.63,2.728,4.888,1.097,1.552,S,2.282e-5,0,91210,8921000,39.42,53.22,68.79,2.794,3.956,S,995.6,16.73,1.365,0.2581,1.626e-5,2.242,1.552,3.837,2.167,NA,NA,NA,NA,2.53,2.284,211,NA
STA-CH0033A,46.1603,8.93394,2020-02-22,203,41.92,31.25,NA,NA,40.64,31.69,2.123,5.371,0.7468,1.118,S,5.847e-7,0,91780,9749000,45.74,57.43,69.19,1.1,2.397,S,601.6,14.09,1.376,0.2677,1.616e-5,2.249,1.559,3.79,2.117,NA,NA,NA,NA,2.534,2.285,211,NA
STA-CH0033A,46.1603,8.93394,2020-02-23,203,44.3,35.26,NA,NA,35.63,29.45,2.075,7.858,0.8691,1.352,S,8.896e-7,0,91350,9658000,36.25,57.85,73.15,1.525,2.791,S,555.8,15.84,1.388,0.2777,1.608e-5,2.258,1.566,3.747,2.068,NA,NA,NA,NA,2.537,2.286,211,NA
STA-CH0033A,46.1603,8.93394,2020-02-24,203,38.12,26.03,NA,NA,32.97,24.93,2.506,9.495,1.067,1.615,S,8.97e-6,0,90850,9984000,41.09,63.9,91.79,2.476,4.196,S,826.7,17.52,1.4,0.2882,1.602e-5,2.268,1.573,3.706,2.022,NA,NA,NA,NA,2.541,2.287,211,NA
STA-CH0033A,46.1603,8.93394,2020-02-25,203,76.31,60.41,NA,NA,19.28,17.46,1.144,4.603,0.4478,0.7932,S,0.001265,1,89810,3042000,87.08,93.06,96.75,1.204,2.876,N,515.6,12.07,1.413,0.2991,1.596e-5,2.281,1.578,3.669,1.979,NA,NA,NA,NA,2.545,2.289,211,NA
STA-CH0033A,46.1603,8.93394,2020-02-26,203,23.88,19.02,NA,NA,12.14,11.66,0.6233,1.478,1.175,2.547,S,0.002101,5,89120,8012000,33.84,58.54,94.65,3.354,5.787,S,2336,19.06,1.427,0.3105,1.592e-5,2.295,1.584,3.636,1.939,NA,NA,NA,NA,2.548,2.29,211,NA
STA-CH0033A,46.1603,8.93394,2020-02-27,203,5.606,3.665,NA,NA,14.01,11.95,1.411,0.3006,0.6131,1.106,S,0.002675,0,89640,6339000,37.38,53.37,71.45,2.098,3.976,S,1443,94.91,1.441,0.3225,1.588e-5,2.311,1.588,3.608,1.903,NA,NA,NA,NA,2.552,2.291,211,NA
STA-CH0033A,46.1603,8.93394,2020-02-28,203,7.097,4.711,NA,NA,11.33,11.02,1.205,2.865,0.9834,1.963,S,1.496e-4,0,90370,10590000,26.08,37.68,57.65,2.902,5.688,S,2032,13.83,1.457,0.3351,1.585e-5,2.33,1.593,3.584,1.871,NA,NA,NA,NA,2.556,2.292,211,NA
STA-CH0033A,46.1603,8.93394,2020-02-29,203,13.2,9.07,NA,NA,19.9,18.43,2.249,2.105,0.6092,1.455,S,0.004675,6,90250,5887000,36.87,60.66,89.2,1.491,3.157,SE,1098,30.48,1.473,0.3482,1.582e-5,2.35,1.596,3.565,1.844,NA,NA,NA,NA,2.559,2.294,211,NA
STA-CH0033A,46.1603,8.93394,2020-03-01,203,20.24,16.52,NA,NA,11.54,10.88,1.51,2.166,0.6512,1.298,N,0.002823,1,89460,5539000,74.26,86.55,96.75,1.227,2.171,N,614.3,24,1.49,0.3619,1.578e-5,2.374,1.599,3.552,1.821,NA,NA,NA,NA,2.563,2.295,211,NA
STA-CH0033A,46.1603,8.93394,2020-03-02,203,18.12,15.52,NA,NA,36.31,29.84,1.184,0.4865,0.7877,1.075,S,0.0354,1,88610,1035000,88.87,94.79,98.32,1.838,3.354,NE,246.4,26.5,1.507,0.3754,1.574e-5,2.399,1.601,3.543,1.802,NA,NA,NA,NA,2.567,2.296,211,NA
STA-CH0033A,46.1603,8.93394,2020-03-03,203,3.9,3.274,NA,NA,10.24,9.964,0.8146,1.877,1.412,1.925,S,4.09e-4,0,88910,7268000,34.07,57.47,86.8,3.751,5.482,S,1292,58.82,1.526,0.3879,1.569e-5,2.425,1.602,3.536,1.787,NA,NA,NA,NA,2.571,2.297,211,NA
STA-CH0033A,46.1603,8.93394,2020-03-04,203,5.313,3.919,NA,NA,12.29,11.88,1.173,1.022,1.035,1.585,S,8.426e-6,0,89980,8827000,34.4,57.2,68.26,2.61,4.556,S,1754,16.86,1.546,0.3996,1.564e-5,2.453,1.602,3.53,1.775,NA,NA,NA,NA,2.574,2.298,211,NA
STA-CH0033A,46.1603,8.93394,2020-03-05,203,14.34,11.58,NA,NA,24.36,21.06,1.431,0.2661,0.3734,0.6147,SE,0.01201,1,89620,2506000,67.67,83.82,96.28,1.305,1.983,NE,536.4,16.96,1.566,0.4106,1.558e-5,2.481,1.602,3.525,1.767,NA,NA,NA,NA,2.578,2.3,211,NA
STA-CH0033A,46.1603,8.93394,2020-03-06,203,11.76,10.3,NA,NA,18.43,14.78,1.133,3.075,0.7685,1.329,SW,1.454e-4,0,88930,8311000,39.6,64.51,95.26,2.111,3.958,SW,1544,37.57,1.588,0.4211,1.551e-5,2.511,1.602,3.522,1.761,NA,NA,NA,NA,2.582,2.301,211,NA
STA-CH0033A,46.1603,8.93394,2020-03-07,203,2.449,2.348,NA,NA,4.795,4.801,0.8057,2.588,1.489,1.897,S,3.909e-5,0,90180,9201000,42.91,51.97,61.07,4.157,4.86,S,1658,146.2,1.61,0.43120000000000003,1.544e-5,2.542,1.601,3.52,1.758,NA,NA,NA,NA,2.585,2.302,211,NA
STA-CH0033A,46.1603,8.93394,2020-03-08,203,5.462,4.557,NA,NA,9.01,8.942,1.487,2.441,0.9195,1.375,S,8.079e-7,0,90740,9124000,41.03,57.63,68.02,1.883,3.4,S,1066,12.27,1.633,0.441,1.537e-5,2.574,1.599,3.52,1.757,NA,NA,NA,NA,2.589,2.303,211,NA
STA-CH0033A,46.1603,8.93394,2020-03-09,203,12.84,9.3,NA,NA,27.75,21.84,1.994,3.75,0.6879,1.287,S,9.348e-4,0,90250,5072000,42.18,59.24,70.17,2.05,3.912,S,1373,13.01,1.656,0.4507,1.529e-5,2.607,1.597,3.52,1.759,NA,NA,NA,NA,2.593,2.305,211,NA
STA-CH0033A,46.1603,8.93394,2020-03-10,203,5.982,3.982,NA,NA,12.98,12.16,1.589,3.337,0.8059,1.437,S,0.002281,0,90600,4552000,46.87,63.62,80.4,2.557,4.379,S,815.1,54.67,1.68,0.4605,1.521e-5,2.642,1.595,3.521,1.762,NA,NA,NA,NA,2.596,2.306,211,NA
STA-CH0033A,46.1603,8.93394,2020-03-11,203,11.63,6.888,NA,NA,35.16,24.78,2.79,10.35,0.8151,1.341,S,6.368e-6,0,90780,9860000,44.37,63.63,85.12,2.032,3.632,S,1130,13.86,1.705,0.4705,1.513e-5,2.678,1.592,3.524,1.767,NA,NA,NA,NA,2.6,2.307,211,NA
STA-CH0033A,46.1603,8.93394,2020-03-12,203,17.83,12.54,NA,NA,32.13,19.29,2.19,6.339,0.7726,1.203,N,1.111e-4,1,90780,8263000,63.62,82.83,99.09,1.033,1.999,N,609.8,17.95,1.73,0.4808,1.505e-5,2.715,1.589,3.526,1.774,NA,NA,NA,NA,2.604,2.308,211,NA
STA-CH0033A,46.1603,8.93394,2020-03-13,203,17.11,12.83,NA,NA,14.43,12.08,1.948,7.689,0.927,1.533,S,7.512e-5,0,90460,10660000,41.88,67.22,95.67,2.558,4.143,S,1555,21.37,1.756,0.4915,1.496e-5,2.754,1.586,3.53,1.782,NA,NA,NA,NA,2.607,2.31,211,NA
STA-CH0033A,46.1603,8.93394,2020-03-14,203,6.983,5.94,NA,NA,7.424,6.97,0.746,3.864,0.6824,1.195,S,0.00769,1,90660,4502000,58.61,80.82,95.77,1.611,2.747,S,623.6,38.54,1.782,0.5029,1.488e-5,2.794,1.583,3.534,1.792,NA,NA,NA,NA,2.611,2.311,211,NA
STA-CH0033A,46.1603,8.93394,2020-03-15,203,14.03,11.9,NA,NA,11.59,10.88,1.093,2.943,0.5128,1.164,NW,0.002251,1,91120,6006000,73,85.9,99.09,1.092,2.035,N,590.2,28.71,1.808,0.515,1.479e-5,2.836,1.579,3.538,1.802,NA,NA,NA,NA,2.615,2.312,211,NA
STA-CH0033A,46.1603,8.93394,2020-03-16,203,14.87,12.33,NA,NA,16.89,14.64,1.767,4.674,0.706,1.179,S,2.154e-5,0,91370,11080000,56.06,71.26,87.1,1.051,2.15,S,1043,12.36,1.835,0.528,1.471e-5,2.879,1.576,3.542,1.813,NA,NA,NA,NA,2.627,2.316,211,NA
STA-CH0033A,46.1603,8.93394,2020-03-17,203,16.53,13.6,NA,NA,24.66,18.6,3.049,7.423,0.8869,1.369,S,7.148e-7,0,91720,13540000,43.23,63.65,82.38,1.133,2.329,S,1095,13.15,1.862,0.5421,1.463e-5,2.924,1.572,3.547,1.824,NA,NA,NA,NA,2.639,2.32,211,NA
STA-CH0033A,46.1603,8.93394,2020-03-18,203,19.67,15.76,NA,NA,25.82,19.25,3.087,7.878,0.9504,1.571,S,7.148e-7,0,91640,13450000,48.92,65.11,86.33,1.278,2.444,N,1392,11.73,1.89,0.5574,1.454e-5,2.97,1.568,3.552,1.835,NA,NA,NA,NA,2.651,2.324,211,NA
STA-CH0033A,46.1603,8.93394,2020-03-19,203,15.82,12.39,NA,NA,20.06,16.24,3.843,8.716,0.936,1.405,S,1.43e-6,0,91390,14120000,46.88,61.22,81.17,1.228,2.291,N,1231,13.3,1.918,0.574,1.447e-5,3.018,1.564,3.557,1.847,NA,NA,NA,NA,2.663,2.328,211,NA
STA-CH0033A,46.1603,8.93394,2020-03-20,203,21.59,16.85,NA,NA,23.53,18.35,4.057,6.924,0.9025,1.476,S,0.001006,0,91050,11460000,52.84,72.05,85.28,1.474,2.671,N,1464,12.96,1.946,0.5921,1.439e-5,3.068,1.561,3.561,1.858,NA,NA,NA,NA,2.675,2.332,211,NA
STA-CH0033A,46.1603,8.93394,2020-03-21,203,24.89,19.59,NA,NA,17.35,14.46,2.721,7.833,0.8073,1.469,N,0.002345,0,90470,13540000,49.24,71.35,90.28,1.388,2.446,N,1368,14.9,1.974,0.6118,1.432e-5,3.119,1.557,3.565,1.869,NA,NA,NA,NA,2.687,2.336,211,NA
STA-CH0033A,46.1603,8.93394,2020-03-22,203,29.29,24.46,NA,NA,7.539,7.254,0.836,5.265,0.5797,1.256,NW,0.008936,1,90710,3969000,83.28,91.65,97.87,0.8271,2.043,N,509,12.72,2.002,0.6333,1.425e-5,3.172,1.554,3.569,1.879,NA,NA,NA,NA,2.699,2.34,211,NA
STA-CH0033A,46.1603,8.93394,2020-03-23,203,16.64,10.35,NA,NA,8.892,8.502,0.4787,0.349,1.099,1.503,N,0.002375,6,91210,9265000,64.05,78.53,93.82,1.482,2.078,N,866,161.6,2.03,0.6567,1.419e-5,3.226,1.551,3.573,1.888,NA,NA,NA,NA,2.711,2.344,211,NA
STA-CH0033A,46.1603,8.93394,2020-03-24,203,17.51,12.48,NA,NA,15.31,13.24,1.722,0.2046,0.7256,1.374,N,0.002388,0,91060,12100000,55.64,67.38,80.74,1.228,2.347,N,1251,32.29,2.058,0.6821,1.413e-5,3.282,1.548,3.575,1.896,NA,NA,NA,NA,2.723,2.349,211,NA
STA-CH0033A,46.1603,8.93394,2020-03-25,203,19.13,14.54,NA,NA,10.54,10.04,1.087,-1.21,0.9611,1.637,NW,0.004894,6,90650,7010000,69.24,80.57,88.51,1.619,2.796,NW,1050,118.5,2.086,0.7098,1.408e-5,3.341,1.545,3.578,1.903,NA,NA,NA,NA,2.735,2.353,211,NA
STA-CH0033A,46.1603,8.93394,2020-03-26,203,21.5,16.79,NA,NA,15.35,13.72,1.423,0.3778,0.7623,1.263,S,3.984e-4,0,90230,10580000,38.95,64.33,83.45,1.286,2.366,S,727.3,62.94,2.115,0.7398,1.404e-5,3.401,1.543,3.579,1.908,NA,NA,NA,NA,2.747,2.357,211,NA
STA-CH0033A,46.1603,8.93394,2020-03-27,203,20.74,15.7,NA,NA,11.5,10.72,1.681,3.789,0.605,1.265,NW,4.412e-4,1,90430,8674000,59.43,73.61,91.29,1.182,2.295,N,833.5,13.63,2.143,0.7722,1.4e-5,3.462,1.541,3.579,1.911,NA,NA,NA,NA,2.759,2.361,211,NA
STA-CH0033A,46.1603,8.93394,2020-03-28,203,50.24,19.49,NA,NA,14.68,12.25,2.614,7.797,0.787,1.444,S,1.799e-4,0,90410,13020000,42.89,68.76,94.74,1.407,2.668,S,1736,14.21,2.17,0.8074,1.397e-5,3.526,1.539,3.579,1.913,NA,NA,NA,NA,2.771,2.365,211,NA
STA-CH0033A,46.1603,8.93394,2020-03-29,203,50.1,19.64,NA,NA,17.65,12.93,3.805,6.941,0.9025,1.39,S,0.007261,1,90200,11560000,37.73,69.33,94.34,1.895,3.283,S,1531,28.4,2.198,0.8452,1.395e-5,3.592,1.538,3.577,1.912,NA,NA,NA,NA,2.783,2.369,211,NA
STA-CH0033A,46.1603,8.93394,2020-03-30,203,6.688,5.628,NA,NA,8.242,7.748,1.123,2.433,0.809,1.092,S,0.01512,1,90340,2254000,73.2,87.1,95.07,2.829,3.66,S,484.6,171.9,2.226,0.886,1.394e-5,3.659,1.538,3.574,1.909,NA,NA,NA,NA,2.795,2.373,211,NA
STA-CH0033A,46.1603,8.93394,2020-03-31,203,8.296,7.14,NA,NA,10.04,9.374,1.609,0.7368,0.7876,1.153,N,0.003133,5,90770,6674000,53.16,72.02,88.88,1.341,2.51,N,1246,16.34,2.253,0.9299,1.393e-5,3.729,1.538,3.57,1.903,NA,NA,NA,NA,2.807,2.377,211,NA
STA-CH0033A,46.1603,8.93394,2020-04-01,203,13.93,11.61,NA,NA,16.78,14.74,3.381,1.172,0.7919,1.596,N,3.148e-4,0,90680,11510000,58.25,68.58,77.08,1.165,2.252,N,1094,10.8,2.279,0.977,1.394e-5,3.8,1.539,3.564,1.894,NA,NA,NA,NA,2.82,2.381,211,NA
STA-CH0033A,46.1603,8.93394,2020-04-02,203,19.31,16.51,NA,NA,20.11,16.69,4.422,3.588,0.6626,1.429,N,1.991e-6,0,90180,14710000,52.97,65.56,78,1.158,2.211,N,1571,10.49,2.306,1.03,1.396e-5,3.877,1.54,3.556,1.882,NA,NA,NA,NA,2.832,2.385,211,NA
STA-CH0033A,46.1603,8.93394,2020-04-03,203,24.5,20.44,NA,NA,25.6,18.8,5.525,6.307,0.7916,1.556,S,8.084e-7,0,90250,15610000,34.22,55.62,78.45,1.378,2.648,N,1722,15.84,2.333,1.091,1.4e-5,3.962,1.542,3.546,1.869,NA,NA,NA,NA,2.844,2.389,211,NA
STA-CH0033A,46.1603,8.93394,2020-04-04,203,26.68,21.68,NA,NA,22.11,18.13,5.192,7.032,0.9002,1.476,N,2.304e-6,0,90950,15320000,40.59,58.46,78.48,1.481,2.632,N,1720,13.87,2.361,1.16,1.405e-5,4.054,1.545,3.534,1.854,NA,NA,NA,NA,2.856,2.393,211,NA
STA-CH0033A,46.1603,8.93394,2020-04-05,203,25.81,21,NA,NA,15.91,14.87,3.842,7.649,0.8655,1.488,S,8.019e-7,0,91310,14610000,49.28,63.88,78.23,1.313,2.433,N,1071,13.17,2.388,1.235,1.412e-5,4.152,1.548,3.519,1.836,NA,NA,NA,NA,2.868,2.397,211,NA
STA-CH0033A,46.1603,8.93394,2020-04-06,203,20,14.83,NA,NA,18.02,16.42,4.313,8.036,0.9254,1.394,S,2.172e-6,0,91550,16620000,41.78,63.02,93.87,1.367,2.259,S,1371,13.01,2.416,1.316,1.419e-5,4.257,1.551,3.503,1.818,NA,NA,NA,NA,2.88,2.401,211,NA
STA-CH0033A,46.1603,8.93394,2020-04-07,203,16.95,11.91,NA,NA,21.76,16.36,6.197,9.873,0.9567,1.623,S,6.361e-7,0,91740,17430000,37.72,55.27,78.91,1.716,2.957,S,1477,14.02,2.445,1.403,1.428e-5,4.366,1.555,3.485,1.798,NA,NA,NA,NA,2.892,2.405,211,NA
STA-CH0033A,46.1603,8.93394,2020-04-08,203,24.14,15.42,NA,NA,18.62,15.66,4.997,10.19,0.9945,1.707,S,6.361e-7,0,91550,17640000,38.38,53.78,78.85,1.425,2.656,NW,1756,11.12,2.473,1.495,1.438e-5,4.481,1.559,3.465,1.776,NA,NA,NA,NA,2.904,2.409,211,NA
STA-CH0033A,46.1603,8.93394,2020-04-09,203,22.45,13.61,NA,NA,22.89,18.61,6.138,11.08,0.9863,1.677,S,0,0,91230,18040000,29.12,49.84,80.23,1.303,2.551,S,2115,11.62,2.501,1.59,1.449e-5,4.598,1.564,3.444,1.753,NA,NA,NA,NA,2.916,2.413,211,NA
STA-CH0033A,46.1603,8.93394,2020-04-10,203,17.3,10.34,NA,NA,18.28,15.79,5.337,11.94,1.083,1.665,S,1.272e-6,0,91240,18970000,30.28,47.06,76.7,1.532,2.61,NW,2038,14.51,2.53,1.689,1.461e-5,4.72,1.569,3.422,1.729,NA,NA,NA,NA,2.928,2.418,211,NA
STA-CH0033A,46.1603,8.93394,2020-04-11,203,16.03,9.422,NA,NA,15.8,14.61,4.795,12.67,1.097,1.755,S,0,0,91170,19600000,29.5,45.6,74.88,1.838,3.366,S,2379,12.23,2.559,1.79,1.473e-5,4.843,1.574,3.398,1.704,NA,NA,NA,NA,2.94,2.422,211,NA
STA-CH0033A,46.1603,8.93394,2020-04-12,203,14.28,8.771,NA,NA,14.37,12.11,5.048,12.29,1.116,1.977,N,1.908e-6,0,90930,19770000,27.69,41.74,73.55,1.915,3.851,N,2165,13.92,2.588,1.894,1.486e-5,4.968,1.579,3.373,1.678,NA,NA,NA,NA,2.952,2.426,211,NA
STA-CH0033A,46.1603,8.93394,2020-04-13,203,15.24,9.566,NA,NA,12.03,10.59,3.956,11.56,0.9421,1.843,N,1.604e-6,0,90440,19820000,28.07,41.38,60.08,1.562,3.17,N,2066,14.03,2.616,1.998,1.499e-5,5.095,1.584,3.347,1.652,NA,NA,NA,NA,2.964,2.43,211,NA
STA-CH0033A,46.1603,8.93394,2020-04-14,203,18.55,8.311,NA,NA,11.13,10.14,2.662,9.699,1.275,2.1,S,2.576e-5,0,90390,21370000,19.13,43.15,74.8,3.32,5.266,S,2286,15.39,2.645,2.103,1.513e-5,5.222,1.59,3.321,1.625,NA,NA,NA,NA,2.976,2.434,211,NA
STA-CH0033A,46.1603,8.93394,2020-04-15,203,15.03,8.412,NA,NA,7.53,7.045,1.352,7.214,0.7387,1.396,N,1.958e-4,0,91230,13660000,46.9,68.11,91,1.11,2.809,NW,939.2,11.6,2.674,2.208,1.527e-5,5.348,1.596,3.294,1.597,NA,NA,NA,NA,2.988,2.438,211,NA
STA-CH0033A,46.1603,8.93394,2020-04-16,203,19.19,8.331,NA,NA,20.38,16.8,4.195,10.31,0.9,1.329,N,6.361e-7,0,91050,18160000,26.58,49.14,82.42,1.212,2.134,N,1081,13.05,2.703,2.312,1.541e-5,5.474,1.601,3.266,1.569,NA,NA,NA,NA,3.024,2.451,211,NA
STA-CH0033A,46.1603,8.93394,2020-04-17,203,17.56,8.36,NA,NA,17.59,14.71,3.568,11.85,0.9381,1.526,N,1.272e-6,0,90780,20850000,30.33,43.61,67.32,1.36,2.671,N,1332,12.35,2.732,2.415,1.555e-5,5.598,1.607,3.238,1.541,NA,NA,NA,NA,3.06,2.464,211,NA
STA-CH0033A,46.1603,8.93394,2020-04-18,203,20.24,10.16,NA,NA,13.64,12,2.799,13.55,0.9002,1.582,N,2.489e-6,0,90660,18830000,31.67,47.02,71.32,1.261,2.631,N,1322,12.86,2.76,2.515,1.569e-5,5.719,1.612,3.21,1.513,NA,NA,NA,NA,3.096,2.477,211,NA
STA-CH0033A,46.1603,8.93394,2020-04-19,203,22.52,12.04,NA,NA,10.53,9.334,2.065,12.49,0.8821,1.459,N,0.001983,0,90390,15450000,45.34,65.46,92,1.462,2.643,N,1229,23.29,2.789,2.613,1.582e-5,5.838,1.618,3.182,1.485,NA,NA,NA,NA,3.131,2.49,211,NA
STA-CH0033A,46.1603,8.93394,2020-04-20,203,12.5,9.937,NA,NA,5.844,5.358,0.6166,10.03,0.5798,1.08,NW,0.01573,1,90260,4369000,83.1,94.57,99.74,1.165,1.986,NW,370.3,22.98,2.817,2.707,1.596e-5,5.953,1.623,3.154,1.457,NA,NA,NA,NA,3.167,2.503,211,NA
STA-CH0033A,46.1603,8.93394,2020-04-21,203,8.34,6.642,NA,NA,6.994,6.451,0.4061,8.434,0.7796,1.424,NW,0.00266,1,90370,6883000,78.88,89.72,99.74,1.349,2.182,NW,462.1,53.67,2.846,2.796,1.609e-5,6.063,1.628,3.126,1.43,NA,NA,NA,NA,3.203,2.515,211,NA
STA-CH0033A,46.1603,8.93394,2020-04-22,203,12.16,7.426,NA,NA,11.91,8.905,1.286,10.2,0.7472,1.401,NW,3.978e-5,0,90710,20270000,39.98,62.39,94.07,1.669,2.559,N,1494,15.07,2.873,2.881,1.621e-5,6.168,1.633,3.099,1.403,NA,NA,NA,NA,3.238,2.528,211,NA
STA-CH0033A,46.1603,8.93394,2020-04-23,203,15.79,10.11,NA,NA,14.94,11.61,2.243,10.99,0.9199,1.755,N,0,0,90840,20330000,40,60.76,88.72,1.323,2.584,N,1642,15.12,2.901,2.96,1.632e-5,6.268,1.638,3.071,1.376,NA,NA,NA,NA,3.274,2.541,211,NA
STA-CH0033A,46.1603,8.93394,2020-04-24,203,18.85,12.65,NA,NA,13.36,11.4,2.159,12.91,0.8506,1.502,S,6.361e-7,0,90450,20010000,35.31,58.32,86.01,1.326,2.553,SW,1951,13.95,2.929,3.032,1.643e-5,6.361,1.642,3.045,1.35,NA,NA,NA,NA,3.31,2.554,211,NA
STA-CH0033A,46.1603,8.93394,2020-04-25,203,13.42,8.361,NA,NA,13.01,10.62,2.04,13.04,0.8387,1.341,S,6.465e-4,0,89980,18700000,43.34,60.34,78.8,1.385,2.468,NW,1818,12.74,2.956,3.098,1.653e-5,6.447,1.646,3.019,1.326,NA,NA,NA,NA,3.346,2.567,211,NA
STA-CH0033A,46.1603,8.93394,2020-04-26,203,10.28,7.217,NA,NA,5.196,4.278,0.5652,11.24,0.6739,1.68,S,0.009552,1,90030,14450000,62.04,79.54,95.42,1.237,2.785,N,1397,12.66,2.983,3.156,1.661e-5,6.526,1.65,2.995,1.302,NA,NA,NA,NA,3.381,2.58,211,NA
STA-CH0033A,46.1603,8.93394,2020-04-27,203,9.271,7.009,NA,NA,7.553,5.959,0.4585,10.52,0.5443,1.03,S,0.00899,1,90220,9646000,77.8,87.75,96.31,1.117,2.186,N,1072,21.41,3.009,3.205,1.669e-5,6.595,1.653,2.971,1.279,NA,NA,NA,NA,3.417,2.593,211,NA
STA-CH0033A,46.1603,8.93394,2020-04-28,203,7.35,5.206,NA,NA,4.727,3.722,0.2053,9.679,0.477,1.011,NE,0.01712,1,89990,8102000,82.05,92.8,98.9,1.467,2.516,NE,1032,16.2,3.035,3.246,1.675e-5,6.656,1.656,2.949,1.257,NA,NA,NA,NA,3.453,2.606,211,NA
STA-CH0033A,46.1603,8.93394,2020-04-29,203,5.592,3.241,NA,NA,8.668,6.838,0.9342,11.34,0.7063,1.087,S,0.002481,0,89850,19140000,38.39,63.89,97.26,1.75,2.517,S,1846,14.89,3.061,3.276,1.68e-5,6.707,1.658,2.928,1.237,NA,NA,NA,NA,3.489,2.619,211,NA
STA-CH0033A,46.1603,8.93394,2020-04-30,203,6.732,3.97,NA,NA,13.72,11.69,1.153,8.501,0.8088,1.75,S,0.01137,1,89970,9454000,61.89,81.92,97.75,1.644,3.099,S,925.6,24.62,3.086,3.297,1.683e-5,6.747,1.659,2.908,1.218,NA,NA,NA,NA,3.524,2.632,211,NA
STA-CH0033A,46.1603,8.93394,2020-05-01,203,6.128,3.991,NA,NA,11.46,7.798,1.533,8.707,0.7989,1.25,S,0.001183,0,89770,14740000,57.67,78.04,94.87,1.759,3.1,S,1325,17.05,3.111,3.305,1.685e-5,6.776,1.66,2.89,1.201,NA,NA,NA,NA,3.56,2.645,211,NA
STA-CH0033A,46.1603,8.93394,2020-05-02,203,6.19,3.381,NA,NA,7.09,5.169,1.32,10.56,1.31,1.705,S,0.001894,0,89940,21110000,31.72,65.35,90.35,3.038,4.185,S,2144,35.07,3.135,3.303,1.686e-5,6.793,1.66,2.873,1.185,NA,NA,NA,NA,3.596,2.658,211,NA
STA-CH0033A,46.1603,8.93394,2020-05-03,203,5.243,3.208,NA,NA,5.017,4.089,1.281,11.78,1.082,1.617,N,5.341e-5,0,90500,22110000,32.45,55.23,81.5,2.555,4.623,S,2085,16.23,3.159,3.29,1.687e-5,6.8,1.66,2.856,1.17,NA,NA,NA,NA,3.632,2.671,211,NA
STA-CH0033A,46.1603,8.93394,2020-05-04,203,7.746,4.326,NA,NA,10.46,8.246,1.194,11.77,0.6186,1.473,N,1.087e-4,0,90800,15770000,52.77,65.63,82.15,1.35,2.976,N,1506,12.34,3.183,3.266,1.689e-5,6.795,1.659,2.839,1.155,NA,NA,NA,NA,3.667,2.684,211,NA
STA-CH0033A,46.1603,8.93394,2020-05-05,203,9.927,5.558,NA,NA,14.15,11.93,1.66,12.42,0.7195,1.196,S,0.002505,0,90450,15550000,59.23,72.9,88.28,1.157,2.693,S,1063,10.96,3.206,3.233,1.693e-5,6.781,1.657,2.822,1.14,NA,NA,NA,NA,3.703,2.697,211,NA
STA-CH0033A,46.1603,8.93394,2020-05-06,203,13.16,7.508,NA,NA,9.711,8.034,0.8616,12.97,0.8859,1.505,S,0.002751,1,90610,17720000,44.53,68.87,84.4,1.989,3.352,S,1623,38.28,3.23,3.191,1.698e-5,6.758,1.655,2.805,1.127,NA,NA,NA,NA,3.739,2.71,211,NA
STA-CH0033A,46.1603,8.93394,2020-05-07,203,10.57,6.107,NA,NA,8.311,7.073,1.358,13.34,0.7396,1.561,N,5.197e-5,0,91150,20200000,45.47,66.16,94.95,1.515,2.556,S,1147,12.82,3.253,3.14,1.705e-5,6.726,1.653,2.788,1.114,NA,NA,NA,NA,3.775,2.723,211,NA
STA-CH0033A,46.1603,8.93394,2020-05-08,203,14.26,8.389,NA,NA,11.44,9.299,1.033,14.53,0.8169,1.471,N,4.367e-5,0,91030,18500000,52.36,63.93,82.64,1.553,2.831,N,1373,13.93,3.276,3.083,1.715e-5,6.687,1.65,2.771,1.101,NA,NA,NA,NA,3.81,2.736,211,NA
STA-CH0033A,46.1603,8.93394,2020-05-09,203,14.79,8.876,NA,NA,8.614,7.276,0.8134,14.68,0.9213,1.712,N,2.926e-4,0,90600,20450000,48.01,62.37,88.53,1.703,3.462,N,1391,12.96,3.299,3.018,1.729e-5,6.64,1.646,2.755,1.089,NA,NA,NA,NA,3.846,2.748,211,NA
STA-CH0033A,46.1603,8.93394,2020-05-10,203,9.932,6.131,NA,NA,4.997,3.946,0.3746,12.41,0.4604,1.167,N,0.01387,1,90210,7903000,64.33,78.74,96.2,1.684,3.212,N,1045,40.22,3.321,2.946,1.746e-5,6.587,1.643,2.738,1.077,NA,NA,NA,NA,3.882,2.761,211,NA
STA-CH0033A,46.1603,8.93394,2020-05-11,203,5.689,3.671,NA,NA,7.03,5.959,0.1767,10.01,0.6811,1.128,NE,0.04462,1,89500,5952000,82.72,92.94,97.92,1.922,3.731,N,599.2,23.21,3.343,2.869,1.767e-5,6.528,1.639,2.722,1.066,NA,NA,NA,NA,3.918,2.774,211,NA
STA-CH0033A,46.1603,8.93394,2020-05-12,203,7.09,3.42,NA,NA,6.912,4.882,0.5191,11.35,0.8773,1.749,N,0.004585,1,89980,16200000,49.73,77.65,98.24,2.295,3.558,S,1136,82.92,3.365,2.788,1.793e-5,6.464,1.634,2.706,1.055,NA,NA,NA,NA,3.953,2.787,211,NA
STA-CH0033A,46.1603,8.93394,2020-05-13,203,6.272,4.671,NA,NA,8.661,7.392,0.1429,10.22,0.5724,1.009,N,0.02345,1,90120,5775000,92.49,97.37,99.74,1.654,2.526,NE,338.5,44.14,3.387,2.701,1.824e-5,6.396,1.63,2.691,1.045,NA,NA,NA,NA,3.989,2.8,211,NA
STA-CH0033A,46.1603,8.93394,2020-05-14,203,7.378,4.311,NA,NA,6.378,4.766,0.3699,12.47,0.7112,1.568,S,0.004955,1,89920,14380000,58.7,80.02,98.08,1.45,2.737,SE,1021,23.14,3.409,2.611,1.86e-5,6.324,1.625,2.676,1.035,NA,NA,NA,NA,4.025,2.813,211,NA
STA-CH0033A,46.1603,8.93394,2020-05-15,203,9.735,5.114,NA,NA,6.926,5.743,0.2686,12.05,0.6033,0.9415,S,0.02216,1,90120,10350000,60.05,75.69,93.49,1.623,2.351,S,784.1,32.22,3.43,2.518,1.903e-5,6.248,1.621,2.662,1.025,NA,NA,NA,NA,4.061,2.826,211,NA
STA-CH0033A,46.1603,8.93394,2020-05-16,203,6.973,3.941,NA,NA,5.579,4.217,0.5296,10.6,0.5468,0.9068,S,0.007573,1,90850,7008000,65.09,84.31,94.76,1.345,2.33,S,354.2,15.99,3.452,2.423,1.952e-5,6.171,1.616,2.648,1.016,NA,NA,NA,NA,4.073,2.831,211,NA
STA-CH0033A,46.1603,8.93394,2020-05-17,203,9.569,5.241,NA,NA,3.673,2.535,0.2794,12.97,0.6637,1.193,S,0.00562,1,90870,15480000,55.77,82.08,98.47,1.299,2.604,S,1065,14.95,3.473,2.325,2.008e-5,6.091,1.611,2.634,1.007,NA,NA,NA,NA,4.084,2.835,211,NA
STA-CH0033A,46.1603,8.93394,2020-05-18,203,11.5,5.556,NA,NA,5.482,3.764,0.6082,14.52,0.7248,1.257,S,0.002949,0,91060,20280000,52.48,76.89,97.01,1.044,2.111,S,1354,13.91,3.493,2.227,2.072e-5,6.01,1.607,2.622,0.9986,NA,NA,NA,NA,4.096,2.84,211,NA
STA-CH0033A,46.1603,8.93394,2020-05-19,203,14.61,7.385,NA,NA,11.55,9.427,0.4611,15.23,0.7412,1.471,S,0.002337,1,90670,20500000,41.66,70.6,95.01,2.075,3.424,S,2058,31.92,3.514,2.128,2.143e-5,5.929,1.602,2.609,0.9904,NA,NA,NA,NA,4.108,2.845,211,NA
STA-CH0033A,46.1603,8.93394,2020-05-20,203,10.14,5.046,NA,NA,8.66,6.816,0.4181,16.87,0.8171,1.398,S,2.134e-4,0,90610,19540000,38.11,59.72,90.59,2.53,3.982,S,1957,53.18,3.535,2.029,2.223e-5,5.848,1.598,2.598,0.9826,NA,NA,NA,NA,4.12,2.849,211,NA
STA-CH0033A,46.1603,8.93394,2020-05-21,203,10.34,6.317,NA,NA,8.387,6.584,0.8126,16.73,0.6628,1.387,S,0.001988,0,90990,21530000,48.28,66.36,81.88,1.183,2.433,S,1624,17.44,3.555,1.931,2.312e-5,5.768,1.593,2.587,0.9751,NA,NA,NA,NA,4.132,2.854,211,NA
STA-CH0033A,46.1603,8.93394,2020-05-22,203,15.49,9.666,NA,NA,10.71,8.765,0.9402,16.18,0.7722,1.307,N,2.044e-4,0,91410,17170000,58.52,75.42,90.78,1.077,2.116,N,1111,11.56,3.575,1.835,2.41e-5,5.689,1.589,2.578,0.9679,NA,NA,NA,NA,4.144,2.859,211,NA
STA-CH0033A,46.1603,8.93394,2020-05-23,203,16.6,11.22,NA,NA,8.014,6.446,0.4835,14.86,1.141,1.732,S,0.0068780000000000004,0,91330,14320000,70.17,79.92,92.38,2.252,4.473,N,1011,12.31,3.595,1.741,2.518e-5,5.613,1.585,2.569,0.9609,NA,NA,NA,NA,4.156,2.863,211,NA
STA-CH0033A,46.1603,8.93394,2020-05-24,203,5.909,2.975,NA,NA,2.811,2.112,0.3454,13.59,1.119,1.87,S,2.558e-6,0,91530,23660000,33.51,56.79,78.91,2.898,5.076,S,2390,91.97,3.615,1.649,2.637e-5,5.54,1.582,2.56,0.9542,NA,NA,NA,NA,4.168,2.868,211,NA
STA-CH0033A,46.1603,8.93394,2020-05-25,203,5.592,3.166,NA,NA,4.761,3.682,0.9044,14.95,0.8187,1.653,S,6.939e-18,0,91580,24320000,35.54,53.78,69.51,2.549,4.521,S,1947,91.92,3.634,1.561,2.766e-5,5.47,1.579,2.553,0.9477,NA,NA,NA,NA,4.179,2.872,211,NA
STA-CH0033A,46.1603,8.93394,2020-05-26,203,7.924,4.154,NA,NA,6.297,5.2,0.4656,15.08,0.9433,1.53,N,7.299e-5,0,91630,23110000,38.31,53.28,74.71,2.174,4.092,S,1934,84,3.654,1.477,2.906e-5,5.404,1.576,2.547,0.9415,NA,NA,NA,NA,4.191,2.877,211,NA
STA-CH0033A,46.1603,8.93394,2020-05-27,203,8.35,4.349,NA,NA,11.36,9.542,1.242,13.82,0.6793,1.303,NW,5.5e-4,0,91820,16930000,52.09,63.87,83.49,1.077,2.219,NW,1323,14.77,3.673,1.397,3.058e-5,5.344,1.573,2.542,0.9354,NA,NA,NA,NA,4.203,2.882,211,NA
STA-CH0033A,46.1603,8.93394,2020-05-28,203,9.971,5.37,NA,NA,11.95,9.82,1.026,15.42,0.5104,1.053,S,3.235e-4,0,91330,21820000,37.02,54.82,82.78,1.355,2.261,S,2102,20.34,3.692,1.323,3.223e-5,5.288,1.572,2.538,0.9296,NA,NA,NA,NA,4.215,2.886,211,NA
STA-CH0033A,46.1603,8.93394,2020-05-29,203,9.309,5.59,NA,NA,6.395,5.398,0.3648,12.09,0.6813,1.44,N,0.002472,0,91050,17960000,57.5,67.68,83.08,1.565,2.954,N,1229,20.63,3.711,1.255,3.4e-5,5.24,1.57,2.535,0.9239,NA,NA,NA,NA,4.227,2.891,211,NA
STA-CH0033A,46.1603,8.93394,2020-05-30,203,9.755,5.961,NA,NA,7.817,6.722,0.7435,11.62,0.5967,1.374,S,0.0119,1,90750,16430000,71.94,82.34,92.8,0.8924,2.235,N,1252,15.12,3.73,1.194,3.59e-5,5.198,1.57,2.533,0.9184,NA,NA,NA,NA,4.239,2.896,211,NA
STA-CH0033A,46.1603,8.93394,2020-05-31,203,10.02,8.088,NA,NA,6.096,4.993,0.4002,11.96,0.6681,1.123,S,0.003091,0,90670,15990000,61.75,79.26,94.49,1.02,2.143,N,1302,13.84,3.749,1.14,3.794e-5,5.163,1.57,2.532,0.913,NA,NA,NA,NA,4.251,2.9,211,NA
STA-CH0033A,46.1603,8.93394,2020-06-01,203,10.48,7.702,NA,NA,7.873,6.594,1.624,13.91,0.7437,1.304,S,0.0011,0,90840,17600000,61.02,76.63,89.76,1.047,2.282,N,1425,11.93,3.768,1.094,4.012e-5,5.137,1.57,2.533,0.9078,NA,NA,NA,NA,4.263,2.905,211,NA
STA-CH0033A,46.1603,8.93394,2020-06-02,203,14.06,9.193,NA,NA,7.741,6.374,0.5433,15.15,0.7337,1.418,S,0.002161,0,90550,21930000,47.74,75.28,99.63,1.137,2.383,S,2235,11,3.787,1.054,5.657e-5,5.117,1.571,2.535,0.9029,NA,NA,NA,NA,4.274,2.909,211,NA
STA-CH0033A,46.1603,8.93394,2020-06-03,203,12.11,6.737,NA,NA,10.13,8.118,0.7237,14.15,0.8862,1.527,S,0.006241,1,89990,20600000,52.72,74.91,97.22,1.538,3.025,N,1658,12.07,3.807,1.017,1.001e-4,5.102,1.573,2.541,0.8986,NA,NA,NA,NA,4.286,2.914,211,NA
STA-CH0033A,46.1603,8.93394,2020-06-04,203,4.753,3.569,NA,NA,7.976,6.889,NA,10.83,0.8075,1.263,NE,0.06102,1,89220,2754000,94.2,97.46,98.92,2.035,3.037,NE,672.3,66.61,3.827,0.9843,1.689e-4,5.09,1.576,2.548,0.8949,NA,NA,NA,NA,4.298,2.919,211,NA
STA-CH0033A,46.1603,8.93394,2020-06-05,203,5.187,2.559,NA,NA,6.042,4.574,0.3941,14.25,0.9177,1.431,S,3.639e-4,0,89150,22270000,41.68,63.23,91.74,2.285,3.266,S,1900,14.81,3.848,0.9546,2.609e-4,5.083,1.58,2.558,0.8917,NA,NA,NA,NA,4.31,2.923,211,NA
STA-CH0033A,46.1603,8.93394,2020-06-06,203,7.349,4.267,NA,NA,7.361,5.77,0.2751,13.96,0.7648,1.703,N,0.008704,1,89820,15600000,64.14,77.89,94.91,1.794,3.108,NE,1005,17.08,3.87,0.928,3.743e-4,5.078,1.583,2.569,0.889,NA,NA,NA,NA,4.322,2.928,211,NA
STA-CH0033A,46.1603,8.93394,2020-06-07,203,4.099,2.393,NA,NA,4.736,3.68,0.2949,10.86,0.9025,1.419,S,0.06669,1,89780,3760000,81.2,91.98,98.01,2.51,3.926,S,375.7,28.45,3.892,0.9043,5.07e-4,5.077,1.588,2.583,0.8868,NA,NA,NA,NA,4.334,2.933,211,NA
STA-CH0033A,46.1603,8.93394,2020-06-08,203,5.194,2.552,NA,NA,9.977,6.871,0.8531,11.48,0.6926,1.245,S,0.01029,1,89940,13990000,63.08,77.97,93.58,2.238,3.667,S,892.8,74.41,3.915,0.8833,6.572e-4,5.078,1.593,2.598,0.8849,NA,NA,NA,NA,4.346,2.937,211,NA
STA-CH0033A,46.1603,8.93394,2020-06-09,203,4.154,2.172,NA,NA,6.551,5.1,0.5458,11.84,0.6631,1.268,S,0.007442,1,90080,17820000,68.77,82.57,92.28,1.634,2.739,S,1296,26.32,3.938,0.8648,8.23e-4,5.083,1.598,2.614,0.8835,NA,NA,NA,NA,4.358,2.942,211,NA
STA-CH0033A,46.1603,8.93394,2020-06-10,203,5.351,2.43,NA,NA,6.959,5.275,0.3381,11.54,0.5743,0.8579,S,0.008345,1,90070,12680000,67.67,85.64,97.21,1.501,2.353,S,947.1,58.57,3.96,0.8487,0.001002,5.089,1.604,2.632,0.8824,NA,NA,NA,NA,4.37,2.947,211,NA
STA-CH0033A,46.1603,8.93394,2020-06-11,203,4.863,2.873,NA,NA,5.336,4.256,0.1452,10.95,0.466,0.9104,N,0.007981,1,90100,8967000,82.73,91.09,97.95,1.202,2.244,N,777.8,41.18,3.983,0.8347,0.001193,5.097,1.61,2.651,0.8817,NA,NA,NA,NA,4.381,2.951,211,NA
STA-CH0033A,46.1603,8.93394,2020-06-12,203,7.572,5.243,NA,NA,6.376,4.969,0.06444,12.38,0.6404,1.305,N,0.002906,1,90390,14770000,68.06,84.09,95.98,1.723,3.831,N,894.1,36.68,4.005,0.8227,0.001394,5.107,1.616,2.67,0.8812,NA,NA,NA,NA,4.393,2.956,211,NA
STA-CH0033A,46.1603,8.93394,2020-06-13,203,9.161,5.5,NA,NA,5.588,4.154,0.2608,14.07,0.7729,1.626,S,0.001896,1,90360,19000000,51.71,77.23,95.35,1.517,3.427,S,1200,17.58,4.028,0.8125,0.001603,5.118,1.623,2.691,0.881,NA,NA,NA,NA,4.405,2.96,211,NA
STA-CH0033A,46.1603,8.93394,2020-06-14,203,7.404,4.178,NA,NA,3.936,2.824,0.1646,15.55,1.293,1.768,S,0.001265,0,90310,16950000,47.06,67.32,88.61,3.368,4.413,S,1526,97.41,4.049,0.8038,0.001817,5.131,1.629,2.711,0.8809,NA,NA,NA,NA,4.417,2.965,211,NA
STA-CH0033A,46.1603,8.93394,2020-06-15,203,5.455,2.131,NA,NA,5.444,4.184,0.2411,16.51,0.86240000000000006,1.433,S,1.662e-4,0,90510,16030000,45.92,60.41,80.13,2.391,4.061,S,1555,95.64,4.071,0.7965,0.002035,5.144,1.636,2.732,0.8811,NA,NA,NA,NA,4.429,2.97,211,NA
STA-CH0033A,46.1603,8.93394,2020-06-16,203,8.818,3.392,NA,NA,9.163,7.178,0.3547,15.65,0.6444,1.246,S,0.005058,1,90450,19040000,53.82,72.86,91.3,1.217,2.596,S,1365,19.43,4.091,0.7905,0.002256,5.158,1.643,2.754,0.8814,NA,NA,NA,NA,4.435,2.972,211,NA
STA-CH0033A,46.1603,8.93394,2020-06-17,203,6.212,2.745,NA,NA,9.042,7.455,0.5794,13.34,0.4908,0.7496,S,0.01192,1,90230,12690000,75.27,88.06,97.73,0.9943,2.445,SW,812.7,23.1,4.111,0.7855,0.002476,5.172,1.649,2.775,0.8819,NA,NA,NA,NA,4.441,2.974,211,NA
STA-CH0033A,46.1603,8.93394,2020-06-18,203,6.295,2.451,NA,NA,6.89,4.99,0.9688,13.9,0.8049,1.363,S,0.003981,1,90360,19710000,53.41,74.65,90.71,1.857,3.17,S,1353,52.34,4.13,0.7813,0.002694,5.186,1.656,2.795,0.8824,NA,NA,NA,NA,4.447,2.977,211,NA
STA-CH0033A,46.1603,8.93394,2020-06-19,203,5.519,2.234,NA,NA,7.017,5.001,0.5506,14.44,0.7774,1.16,S,0.002357,0,90620,19900000,52.77,67.63,93.96,2.442,3.58,S,1293,30.07,4.148,0.7778,0.002909,5.199,1.663,2.816,0.8829,NA,NA,NA,NA,4.453,2.979,211,NA
STA-CH0033A,46.1603,8.93394,2020-06-20,203,3.495,1.835,NA,NA,4.368,3.346,0.5082,15.89,0.8721,1.418,S,8.229e-5,0,90830,22420000,39.51,60.59,84.09,2.33,3.998,S,1911,73.42,4.165,0.7747,0.003118,5.212,1.669,2.835,0.8835,NA,NA,NA,NA,4.459,2.982,211,NA
STA-CH0033A,46.1603,8.93394,2020-06-21,203,4.289,1.995,NA,NA,2.65,1.821,0.4993,17.02,1.521,1.79,S,1.897e-7,0,90850,23370000,36.84,55.17,82.87,4.075,4.581,S,1936,163.8,4.181,0.772,0.00332,5.225,1.675,2.854,0.884,NA,NA,NA,NA,4.465,2.984,211,NA
STA-CH0033A,46.1603,8.93394,2020-06-22,203,6.909,2.723,NA,NA,4.33,3.183,0.4372,18.62,1.252,1.607,S,1.897e-6,0,91050,21840000,40.45,54.64,74.77,3.316,4.438,S,1840,52.26,4.195,0.7693,0.003511,5.236,1.681,2.872,0.8844,NA,NA,NA,NA,4.471,2.986,211,NA
STA-CH0033A,46.1603,8.93394,2020-06-23,203,9.186,4.319,NA,NA,8.034,6.488,0.6004,19.07,0.94,1.546,S,1.897e-7,0,91120,25050000,42.88,62.44,90.87,1.704,2.961,S,1631,14.15,4.208,0.7665,0.003692,5.245,1.687,2.889,0.8848,NA,NA,NA,NA,4.477,2.989,211,NA
STA-CH0033A,46.1603,8.93394,2020-06-24,203,14.18,8.615,NA,NA,12.24,9.843,0.9532,18.47,0.7924,1.39,S,0.003535,0,91110,20820000,58.67,75.99,94.99,0.9838,2.218,N,1197,12.6,4.219,0.7635,0.003858,5.253,1.692,2.904,0.885,NA,NA,NA,NA,4.483,2.991,211,NA
STA-CH0033A,46.1603,8.93394,2020-06-25,203,17.08,11.73,NA,NA,10.36,8.616,0.3861,16.47,0.7926,1.513,N,0.008985,1,90980,16200000,76.93,87.4,97.68,1.293,2.353,N,1214,13.71,4.228,0.76,0.00401,5.259,1.697,2.917,0.8851,NA,NA,NA,NA,4.489,2.993,211,NA
STA-CH0033A,46.1603,8.93394,2020-06-26,203,14.75,10.99,NA,NA,7.145,5.798,0.1896,16.61,0.57,0.9734,N,0.002963,1,90930,12140000,80.06,89.71,98.07,1.196,2.694,N,1004,14.75,4.236,0.7558,0.004144,5.262,1.701,2.929,0.8849,NA,NA,NA,NA,4.495,2.996,211,NA
STA-CH0033A,46.1603,8.93394,2020-06-27,203,15.77,10.42,NA,NA,6.732,5.169,0.4196,17.38,0.7186,1.093,S,0.001821,1,90900,16310000,65.17,83.03,96.34,1.356,2.576,S,1127,24.72,4.242,0.7508,0.004259,5.263,1.704,2.939,0.8846,NA,NA,NA,NA,4.501,2.998,211,NA
STA-CH0033A,46.1603,8.93394,2020-06-28,203,15.07,10.66,NA,NA,7.175,5.604,0.3359,18.42,0.769,1.259,S,6.446e-4,0,90830,18170000,57.18,74.21,98.28,1.488,2.712,S,1149,27.03,4.246,0.7447,0.004352,5.261,1.708,2.946,0.8839,NA,NA,NA,NA,4.507,3.001,211,NA
STA-CH0033A,46.1603,8.93394,2020-06-29,203,12.61,9.036,NA,NA,6.496,5.014,0.5138,19.3,0.662,1.022,S,0.001051,0,90430,17340000,51.97,73.87,89.95,1.08,2.014,S,1285,16.79,4.247,0.7375,0.004423,5.256,1.71,2.952,0.883,NA,NA,NA,NA,4.513,3.003,211,NA
STA-CH0033A,46.1603,8.93394,2020-06-30,203,12.41,8.098,NA,NA,8.747,6.647,0.7091,17.97,0.4932,0.8109,S,0.003767,1,90510,8257000,79.86,84.2,91.25,1.344,2.382,N,854.9,13.84,4.247,0.7289,0.004468,5.247,1.712,2.954,0.8817,NA,NA,NA,NA,4.519,3.005,211,NA
STA-CH0033A,46.1603,8.93394,2020-07-01,203,16.53,12.65,NA,NA,10.44,8.358,0.2393,18.54,0.6269,1.047,S,0.006101,1,90530,16210000,71.88,85.02,99.11,1.424,2.924,S,1388,18.62,4.244,0.7186,0.004487,5.235,1.713,2.954,0.88,NA,NA,NA,NA,4.525,3.008,211,NA
STA-CH0033A,46.1603,8.93394,2020-07-02,203,9.945,5.495,NA,NA,6.573,4.504,0.5053,18.97,0.7945,1.37,S,0.001734,0,90420,20460000,52.92,74.88,99.59,1.98,3.347,S,1572,45.87,4.238,0.7076,0.004479,5.218,1.713,2.952,0.8779,NA,NA,NA,NA,4.531,3.01,211,NA
STA-CH0033A,46.1603,8.93394,2020-07-03,203,6.393,2.84,NA,NA,9.006,6.817,0.2835,17.94,0.7907,1.456,S,0.005038,0,90590,15220000,50.67,67.58,84.96,2.275,3.411,S,1473,93.11,4.228,0.6967,0.00445,5.199,1.712,2.946,0.8753,NA,NA,NA,NA,4.537,3.012,211,NA
STA-CH0033A,46.1603,8.93394,2020-07-04,203,7.345,3.453,NA,NA,6.473,5.073,0.5926,18.82,0.7264,1.447,S,7.749e-6,0,90960,21560000,53.09,65.3,80.88,1.66,2.894,N,1387,21.55,4.216,0.6859,0.0044,5.176,1.711,2.938,0.8722,NA,NA,NA,NA,4.543,3.015,211,NA
STA-CH0033A,46.1603,8.93394,2020-07-05,203,8.322,5.203,NA,NA,6.694,5.366,0.2478,19.46,0.8801,1.491,N,1.993e-6,0,90910,22910000,50.99,72.59,96.19,1.679,2.755,S,1283,13.33,4.201,0.6752,0.004331,5.151,1.71,2.928,0.8687,NA,NA,NA,NA,4.55,3.017,211,NA
STA-CH0033A,46.1603,8.93394,2020-07-06,203,14.09,6.831,NA,NA,7.325,5.587,0.5641,20.05,1.141,2.343,S,4.78e-4,0,90450,19300000,48.96,66.1,92.18,2.753,6.156,S,1578,15.73,4.184,0.6647,0.004243,5.123,1.708,2.915,0.8648,NA,NA,NA,NA,4.556,3.02,211,NA
STA-CH0033A,46.1603,8.93394,2020-07-07,203,14.95,4.919,NA,NA,4.814,3.846,0.2985,15.54,1.072,2.113,N,1.59e-5,0,90790,17760000,54.92,64.34,77.18,2.592,5.924,N,1362,41.2,4.164,0.6542,0.004139,5.092,1.705,2.901,0.8606,NA,NA,NA,NA,4.562,3.022,211,NA
STA-CH0033A,46.1603,8.93394,2020-07-08,203,18.73,7.096,NA,NA,7.767,6.333,0.5957,17.48,0.7363,1.597,N,2.104e-4,0,90920,20580000,58.89,72.27,84.36,1.307,2.577,NW,1362,12.14,4.142,0.6439,0.00402,5.059,1.702,2.885,0.8561,NA,NA,NA,NA,4.568,3.024,211,NA
STA-CH0033A,46.1603,8.93394,2020-07-09,203,16.02,9.975,NA,NA,9.792,8.181,1.203,19.3,0.8632,1.568,N,2.788e-6,0,90940,23210000,55.8,69.88,88.34,1.368,2.61,N,1226,12.37,4.118,0.6337,0.003886,5.024,1.699,2.867,0.8513,NA,NA,NA,NA,4.574,3.027,211,NA
STA-CH0033A,46.1603,8.93394,2020-07-10,203,18.43,12.9,NA,NA,10.7,9.139,0.4614,19.14,0.779,1.297,S,0.002668,0,90790,18880000,60.64,76.88,94.38,1.444,3.48,N,1113,15.39,4.092,0.6235,0.003741,4.987,1.695,2.848,0.8464,NA,NA,NA,NA,4.58,3.029,211,NA
STA-CH0033A,46.1603,8.93394,2020-07-11,203,8.28,4.837,NA,NA,6.963,5.368,0.2537,18.22,1.072,1.537,S,0.002837,0,90760,16070000,43.79,67.33,96.38,2.648,4.054,S,1521,44.03,4.064,0.6135,0.003584,4.948,1.691,2.827,0.8412,NA,NA,NA,NA,4.586,3.031,211,NA
STA-CH0033A,46.1603,8.93394,2020-07-12,203,5.308,3.328,NA,NA,4.172,3.203,0.4601,16.56,0.8987,1.457,N,0.001017,0,91230,18470000,51.76,66.2,84.04,1.819,2.81,N,1427,22.89,4.036,0.6035,0.003417,4.909,1.686,2.806,0.8359,NA,NA,NA,NA,4.592,3.034,211,NA
STA-CH0033A,46.1603,8.93394,2020-07-13,203,8.301,4.932,NA,NA,6.834,5.752,0.4088,15.2,0.5936,1.008,N,0.006509,1,91160,10260000,72.96,82.85,92.35,1.513,2.394,N,881.3,23.28,4.006,0.5936,0.003242,4.868,1.682,2.783,0.8305,NA,NA,NA,NA,4.598,3.036,211,NA
STA-CH0033A,46.1603,8.93394,2020-07-14,203,10.39,8.075,NA,NA,9.529,8.005,0.2261,14.69,0.4237,0.9561,N,0.009193,1,90760,11260000,71.12,83.5,93.02,0.9267,1.755,NW,1065,15.37,3.975,0.5839,0.00306,4.826,1.677,2.76,0.8251,NA,NA,NA,NA,4.604,3.038,211,NA
STA-CH0033A,46.1603,8.93394,2020-07-15,203,9.754,6.946,NA,NA,14.82,10.69,0.448,14.68,0.6102,1.062,S,0.007365,1,90590,14440000,64.96,86.15,99.04,1.007,2.6,N,1043,20.26,3.943,0.5742,0.002873,4.783,1.672,2.737,0.8196,NA,NA,NA,NA,4.61,3.041,211,NA
STA-CH0033A,46.1603,8.93394,2020-07-16,203,10.58,6.997,NA,NA,9.974,7.69,0.4762,17.57,0.5416,0.9352,S,4.818e-4,0,90620,17910000,57.55,73.44,88.36,1.534,2.549,S,1261,48.76,3.911,0.5646,0.002681,4.74,1.667,2.713,0.8142,NA,NA,NA,NA,4.601,3.038,211,NA
STA-CH0033A,46.1603,8.93394,2020-07-17,203,7.463,4.027,NA,NA,7.135,5.626,0.304,18.65,0.7246,1.084,S,7.661e-4,0,90590,17450000,43.43,60.43,73.36,2.128,2.978,S,1976,138.2,3.878,0.555,0.002486,4.696,1.661,2.688,0.8088,NA,NA,NA,NA,4.592,3.035,211,NA
STA-CH0033A,46.1603,8.93394,2020-07-18,203,7.374,4.228,NA,NA,7.281,5.806,0.2969,17.48,0.6003,1.555,N,7.954e-4,0,90720,17890000,55.34,68.02,86.46,1.286,2.613,N,1658,27.41,3.845,0.5455,0.00229,4.653,1.656,2.664,0.8035,NA,NA,NA,NA,4.583,3.031,211,NA
STA-CH0033A,46.1603,8.93394,2020-07-19,203,7.803,5.133,NA,NA,7.463,6.145,0.4374,17.74,0.7592,1.402,S,0.002242,0,90780,20520000,57.55,73.02,87.7,1.032,2.223,NW,1184,12.19,3.813,0.5361,0.002094,4.61,1.651,2.641,0.7984,NA,NA,NA,NA,4.574,3.028,211,NA
STA-CH0033A,46.1603,8.93394,2020-07-20,203,11.84,7.815,NA,NA,9.337,7.772,0.3425,18.84,0.7547,1.204,N,2.586e-4,0,90950,21950000,54.25,71.1,93.92,1.513,2.157,N,1316,13.3,3.78,0.5268,0.001899,4.567,1.646,2.617,0.7934,NA,NA,NA,NA,4.565,3.025,211,NA
STA-CH0033A,46.1603,8.93394,2020-07-21,203,14.5,9.936,NA,NA,10.42,8.572,0.6528,19.65,0.7258,1.208,S,8.858e-4,0,91170,18780000,56.19,72.8,90.36,0.9908,2.073,SW,1109,16.73,3.748,0.5175,0.001707,4.524,1.641,2.594,0.7887,NA,NA,NA,NA,4.556,3.022,211,NA
STA-CH0033A,46.1603,8.93394,2020-07-22,203,9.502,6.642,NA,NA,8.48,6.334,0.2673,19.87,0.7586,1.223,S,0.001623,0,91000,18410000,50.91,71.58,93.14,1.524,2.634,S,1585,17.29,3.717,0.5083,0.001518,4.483,1.636,2.572,0.7842,NA,NA,NA,NA,4.547,3.018,211,NA
STA-CH0033A,46.1603,8.93394,2020-07-23,203,10.25,6.146,NA,NA,9.343,6.983,0.4722,19.91,0.7309,1.25,S,3.53e-4,0,90640,19710000,44.68,65.22,96.68,1.483,3.238,NW,1960,14.73,3.686,0.4992,0.001336,4.442,1.631,2.551,0.7801,NA,NA,NA,NA,4.538,3.015,211,NA
STA-CH0033A,46.1603,8.93394,2020-07-24,203,7.766,5.148,NA,NA,12.15,9.359,0.2381,17.68,0.5157,0.979,S,0.007108,0,90440,14290000,58.62,71.42,90.47,1.435,3.388,S,1090,28.6,3.657,0.4901,0.00116,4.403,1.626,2.53,0.7763,NA,NA,NA,NA,4.53,3.012,211,NA
STA-CH0033A,46.1603,8.93394,2020-07-25,203,6.672,3.476,NA,NA,10.72,8.289,0.4539,18.55,0.8365,1.392,S,2.909e-5,0,90600,20700000,45.8,60.1,82.78,1.837,3.281,S,1623,20.52,3.629,0.481,9.917e-4,4.366,1.622,2.512,0.7728,NA,NA,NA,NA,4.521,3.009,211,NA
STA-CH0033A,46.1603,8.93394,2020-07-26,203,7.875,5.231,NA,NA,8.971,7.537,0.79990000000000006,19.32,0.6602,1.081,S,3.446e-4,0,90710,18660000,52.1,64.53,83.71,1.254,2.778,N,1446,16.99,3.602,0.472,8.334e-4,4.33,1.617,2.494,0.7698,NA,NA,NA,NA,4.512,3.006,211,NA
STA-CH0033A,46.1603,8.93394,2020-07-27,203,12.51,8.793,NA,NA,12.1,9.644,1.1,18.27,0.7026,1.055,S,9.368e-4,1,91020,13090000,64.92,79.4,94.1,1.241,2.708,N,1122,13.15,3.577,0.463,6.86e-4,4.295,1.614,2.478,0.7673,NA,NA,NA,NA,4.503,3.002,211,NA
STA-CH0033A,46.1603,8.93394,2020-07-28,203,14.43,10.97,NA,NA,9.722,7.715,0.5685,20.34,0.8615,1.309,S,1.717e-4,0,90880,19480000,56.7,74.67,97.7,1.315,2.999,N,1178,12.01,3.554,0.4541,5.509e-4,4.264,1.61,2.464,0.7652,NA,NA,NA,NA,4.494,2.999,211,NA
STA-CH0033A,46.1603,8.93394,2020-07-29,203,15.04,11.56,NA,NA,9.27,7.296,0.7802,21.83,0.7516,1.443,S,0.001046,0,90870,18270000,56.61,74.75,88.7,1.272,2.471,N,1243,13.79,3.533,0.4452,4.295e-4,4.234,1.607,2.452,0.7637,NA,NA,NA,NA,4.485,2.996,211,NA
STA-CH0033A,46.1603,8.93394,2020-07-30,203,24.07,17.04,NA,NA,12.04,9.985,1.032,22.43,0.6824,1.387,S,9.46e-4,0,91090,19390000,56.22,73.98,90.48,1.093,2.726,E,1465,13.98,3.514,0.4363,3.231e-4,4.207,1.605,2.443,0.7628,NA,NA,NA,NA,4.476,2.993,211,NA
STA-CH0033A,46.1603,8.93394,2020-07-31,203,14.49,9.611,NA,NA,9.155,7.532,1.763,23.43,0.7108,1.137,S,0.001199,0,90960,20080000,42.24,66.74,98.76,1.405,2.348,S,1875,13.44,3.498,0.4275,2.332e-4,4.183,1.602,2.435,0.7625,NA,NA,NA,NA,4.467,2.989,211,NA
STA-CH0033A,46.1603,8.93394,2020-08-01,203,15.53,11.57,NA,NA,10.1,8.691,0.6038,23.81,0.7928,1.452,S,0.00148,0,90740,19740000,39.27,62.24,84.01,1.373,2.801,S,1474,15.39,3.484,0.4187,1.611e-4,4.162,1.601,2.43,0.7629,NA,NA,NA,NA,4.458,2.986,211,NA
STA-CH0033A,46.1603,8.93394,2020-08-02,203,11.42,8.838,NA,NA,7.702,6.407,0.3054,20.87,0.6962,1.255,S,0.004978,1,90450,15860000,49.34,70.82,92.99,1.738,3.202,S,1893,32.86,3.473,0.4099,1.031e-4,4.143,1.6,2.428,0.764,NA,NA,NA,NA,4.449,2.983,211,NA
STA-CH0033A,46.1603,8.93394,2020-08-03,203,5.392,2.925,NA,NA,7.672,6.14,0.2323,16.07,1.053,1.759,S,0.006603,1,89980,9283000,62.34,72.98,91.18,2.792,5.122,S,1174,85.07,3.465,0.401,5.448e-5,4.127,1.599,2.426,0.7659,NA,NA,NA,NA,4.44,2.98,211,NA
STA-CH0033A,46.1603,8.93394,2020-08-04,203,3.11,1.483,NA,NA,2.823,2.126,0.2517,14.04,1.741,2.219,S,0.003189,0,90070,16300000,42.31,65.3,91.22,4.953,5.935,S,1692,300.2,3.458,0.392,1.465e-5,4.112,1.598,2.426,0.7686,NA,NA,NA,NA,4.431,2.977,211,NA
STA-CH0033A,46.1603,8.93394,2020-08-05,203,5.398,2.518,NA,NA,6.531,5.511,0.6108,16.93,1.006,1.65,N,0,0,90620,23080000,40.65,55.77,75.18,2.219,4.217,S,1478,13.59,3.453,0.3831,0,4.1,1.598,2.428,0.7721,NA,NA,NA,NA,4.423,2.973,211,NA
STA-CH0033A,46.1603,8.93394,2020-08-06,203,6.891,3.663,NA,NA,10.15,8.643,0.7478,18.76,0.8516,1.456,N,1.707e-6,0,90970,22220000,48.17,66.13,96.78,1.461,2.456,N,1346,12.18,3.45,0.3741,0,4.089,1.597,2.43,0.7763,NA,NA,NA,NA,4.414,2.97,211,NA
STA-CH0033A,46.1603,8.93394,2020-08-07,203,9.931,6.025,NA,NA,10.1,8.542,0.6464,20.09,0.8603,1.495,N,7.803e-5,0,91200,19770000,51.19,70.05,91.53,1.52,2.519,N,1364,14.36,3.449,0.365,0,4.079,1.597,2.434,0.7812,NA,NA,NA,NA,4.405,2.967,211,NA
STA-CH0033A,46.1603,8.93394,2020-08-08,203,13.68,9.781,NA,NA,10.71,9.27,0.8165,21.14,0.8042,1.512,S,2.404e-4,0,91220,19590000,49.96,69.7,90.02,1.418,2.371,N,1445,11.93,3.449,0.356,0,4.072,1.597,2.439,0.7867,NA,NA,NA,NA,4.396,2.964,211,NA
STA-CH0033A,46.1603,8.93394,2020-08-09,203,14.18,11.04,NA,NA,8.247,7.132,0.5298,21.95,0.8079,1.465,S,4.25e-4,0,91010,20840000,44.55,65.24,89.67,1.524,3.032,N,1598,11.33,3.45,0.347,0,4.065,1.598,2.445,0.7929,NA,NA,NA,NA,4.387,2.961,211,NA
STA-CH0033A,46.1603,8.93394,2020-08-10,203,14.94,10.69,NA,NA,9.785,8.4,0.6662,21.11,0.745,1.133,S,0.001859,0,90890,17140000,50.61,71.6,89.45,1.18,2.315,N,1380,13.64,3.452,0.338,0,4.06,1.598,2.451,0.7996,NA,NA,NA,NA,4.378,2.957,211,NA
STA-CH0033A,46.1603,8.93394,2020-08-11,203,13.28,9.303,NA,NA,9.104,7.323,0.5102,20.88,0.7927,1.267,S,7.851e-4,0,90930,17250000,45.26,70.78,99.17,1.711,3.146,N,1908,13.72,3.456,0.3291,0,4.055,1.599,2.459,0.8069,NA,NA,NA,NA,4.369,2.954,211,NA
STA-CH0033A,46.1603,8.93394,2020-08-12,203,21.62,16.36,NA,NA,10.44,9.079,0.3005,20.35,0.7359,1.347,S,0.004875,0,90980,15910000,61.71,79.08,92.76,1.182,2.202,N,1194,11.57,3.46,0.3202,0,4.052,1.6,2.468,0.8148,NA,NA,NA,NA,4.36,2.951,211,NA
STA-CH0033A,46.1603,8.93394,2020-08-13,203,13.96,9.412,NA,NA,8.053,6.647,0.2553,18.96,0.6636,1.214,S,0.008105,1,90870,15390000,66.22,82.3,98.78,1.107,2.482,N,1355,13.08,3.465,0.3114,0,4.049,1.6,2.478,0.8232,NA,NA,NA,NA,4.351,2.948,211,NA
STA-CH0033A,46.1603,8.93394,2020-08-14,203,10.17,6.24,NA,NA,7.908,6.503,0.3005,19.29,0.5813,1.13,S,0.002364,0,90610,16430000,46.62,75.1,96.99,1.345,2.557,S,1284,22.19,3.471,0.3027,0,4.047,1.602,2.488,0.832,NA,NA,NA,NA,4.342,2.944,211,NA
STA-CH0033A,46.1603,8.93394,2020-08-15,203,9.369,6.302,NA,NA,8.841,6.789,0.4601,19.84,0.8253,1.332,N,2.529e-4,0,90570,18450000,49.04,70.7,98.43,1.805,2.562,N,1451,12.85,3.477,0.294,2.61e-5,4.046,1.603,2.499,0.8413,NA,NA,NA,NA,4.333,2.941,211,NA
STA-CH0033A,46.1603,8.93394,2020-08-16,203,10.47,7.636,NA,NA,7.934,6.856,0.1351,18.79,0.5915,1.033,N,0.003423,1,90520,12920000,64.92,78.95,91.18,1.216,2.679,N,1130,18.13,3.483,0.2855,5.594e-5,4.044,1.604,2.511,0.851,NA,NA,NA,NA,4.318,2.936,211,NA
STA-CH0033A,46.1603,8.93394,2020-08-17,203,7.959,5.547,NA,NA,7.576,6.363,0.18,17.61,0.571,1.016,S,0.008566,1,90410,13100000,65.64,81.4,96.63,1.24,3.436,S,1101,19.75,3.489,0.277,8.857e-5,4.044,1.605,2.523,0.8611,NA,NA,NA,NA,4.303,2.93,211,NA
STA-CH0033A,46.1603,8.93394,2020-08-18,203,7.576,4.384,NA,NA,6.145,4.593,0.4232,18.79,0.7499,1.265,S,9.064e-4,0,90360,18410000,39.4,63.09,87.13,1.875,3.787,S,1528,28.82,3.495,0.2687,1.235e-4,4.043,1.607,2.536,0.8716,NA,NA,NA,NA,4.288,2.925,211,NA
STA-CH0033A,46.1603,8.93394,2020-08-19,203,8.684,5.344,NA,NA,8.43,6.529,0.2229,18.71,0.8212,1.515,S,6.097e-4,0,90420,18290000,49.35,64.83,83.26,1.572,2.915,S,1483,15.87,3.501,0.2606,1.603e-4,4.042,1.608,2.549,0.8824,NA,NA,NA,NA,4.273,2.92,211,NA
STA-CH0033A,46.1603,8.93394,2020-08-20,203,14.29,9.567,NA,NA,9.721,7.744,0.3913,20.09,0.8163,1.408,S,6.699e-4,0,90680,16560000,54.81,70.27,91.59,1.449,2.885,N,1197,15.32,3.507,0.2526,1.985e-4,4.041,1.61,2.563,0.8935,NA,NA,NA,NA,4.258,2.914,211,NA
STA-CH0033A,46.1603,8.93394,2020-08-21,203,17.72,12.31,NA,NA,9.939,8.136,0.3845,20.87,0.7684,1.227,S,4.114e-5,0,90970,15510000,55.15,73.16,96.03,1.295,2.898,N,1219,14.79,3.512,0.2448,2.377e-4,4.04,1.612,2.577,0.9048,NA,NA,NA,NA,4.243,2.909,211,NA
STA-CH0033A,46.1603,8.93394,2020-08-22,203,14.32,10.31,NA,NA,9.181,7.682,0.2151,20.55,0.7988,1.468,S,3.262e-4,0,90860,12170000,54,72.12,97.61,1.488,3.575,S,1200,13.99,3.516,0.2371,2.773e-4,4.039,1.613,2.591,0.9164,NA,NA,NA,NA,4.228,2.903,211,NA
STA-CH0033A,46.1603,8.93394,2020-08-23,203,6.791,4.38,NA,NA,4.525,3.614,0.2534,19.75,0.8817,1.328,S,5.188e-4,0,90710,13140000,46.61,60.57,78.72,2.02,3.386,S,1533,212.3,3.52,0.2297,3.169e-4,4.037,1.615,2.605,0.9282,NA,NA,NA,NA,4.213,2.898,211,NA
STA-CH0033A,46.1603,8.93394,2020-08-24,203,7.534,4.603,NA,NA,7.66,6.126,0.3337,17.67,0.662,1.079,S,0.001407,0,90660,12350000,48.67,62.76,74.5,1.582,2.82,S,1392,93.51,3.522,0.2224,3.56e-4,4.034,1.617,2.62,0.9401,NA,NA,NA,NA,4.198,2.892,211,NA
STA-CH0033A,46.1603,8.93394,2020-08-25,203,9.383,5.662,NA,NA,7.247,5.804,0.4723,16.64,0.8488,1.287,S,8.881e-5,0,90770,14780000,50.83,69.21,94.25,1.672,2.725,N,1379,15.85,3.524,0.2154,3.942e-4,4.031,1.619,2.635,0.9522,NA,NA,NA,NA,4.183,2.887,211,NA
STA-CH0033A,46.1603,8.93394,2020-08-26,203,14.3,8.805,NA,NA,9.483,8.033,0.5372,19.28,0.8351,1.419,S,7.113e-6,0,90740,17670000,47.78,70.45,97.4,1.324,2.521,NW,1258,18.99,3.524,0.2086,4.31e-4,4.027,1.621,2.649,0.9645,NA,NA,NA,NA,4.168,2.881,211,NA
STA-CH0033A,46.1603,8.93394,2020-08-27,203,13.8,8.319,NA,NA,9.68,7.602,0.4907,19.81,0.9333,1.525,N,7.841e-5,0,90610,17200000,47.77,66.51,86.08,2.029,2.999,N,1482,14.45,3.523,0.2021,4.66e-4,4.022,1.622,2.664,0.9768,NA,NA,NA,NA,4.153,2.876,211,NA
STA-CH0033A,46.1603,8.93394,2020-08-28,203,10.93,7.718,NA,NA,13.61,12.19,0.2727,16.24,0.7593,1.312,NE,0.05708,1,90060,4213000,88.02,94.46,99.01,2.155,3.889,NE,575.6,17.37,3.52,0.1958,4.987e-4,4.015,1.624,2.679,0.9891,NA,NA,NA,NA,4.138,2.871,211,NA
STA-CH0033A,46.1603,8.93394,2020-08-29,203,4.309,3.425,NA,NA,5.983,5.193,0.2317,15.02,0.535,0.8671,E,0.09817,1,89650,2203000,90.12,96.14,99.17,1.656,3.125,E,400.4,76,3.515,0.1898,5.285e-4,4.007,1.626,2.693,1.002,NA,NA,NA,NA,4.123,2.865,211,NA
STA-CH0033A,46.1603,8.93394,2020-08-30,203,3.742,2.737,NA,NA,4.422,3.636,0.6998,12.69,0.9021,1.555,S,0.05447,1,89860,6953000,68.94,85.94,97.51,2.479,4.189,S,914.3,87.91,3.509,0.184,5.551e-4,3.998,1.628,2.708,1.014,NA,NA,NA,NA,4.108,2.86,211,NA
STA-CH0033A,46.1603,8.93394,2020-08-31,203,5.192,2.889,NA,NA,8.022,6.033,1.367,13.16,0.9077,1.435,S,0.001093,0,90430,14030000,45.27,65.62,86.02,2.665,4.435,S,1185,59.83,3.5,0.1786,5.78e-4,3.987,1.629,2.722,1.026,NA,NA,NA,NA,4.093,2.854,211,NA
STA-CH0033A,46.1603,8.93394,2020-09-01,203,5.09,2.966,NA,NA,8.559,6.719,0.5021,14.69,0.8272,1.378,S,2.635e-5,0,90380,16140000,43.77,61.89,80.99,2.063,3.698,S,1505,20.58,3.489,0.1735,5.968e-4,3.975,1.631,2.736,1.039,NA,NA,NA,NA,4.078,2.849,211,NA
STA-CH0033A,46.1603,8.93394,2020-09-02,203,4.692,3.293,NA,NA,7.453,5.777,0.4411,12.96,0.5679,1.112,S,0.005756,1,90700,12890000,69.4,82.16,92.95,1.422,2.564,S,1035,55.47,3.477,0.1686,6.137e-4,3.961,1.632,2.749,1.051,NA,NA,NA,NA,4.063,2.843,211,NA
STA-CH0033A,46.1603,8.93394,2020-09-03,203,7.023,4.404,NA,NA,7.685,5.852,0.7258,14.53,0.7955,1.362,S,2.499e-7,0,91230,18320000,45.7,71.26,96.93,1.71,3.164,S,1517,14.91,3.463,0.164,6.314e-4,3.946,1.634,2.764,1.064,NA,NA,NA,NA,4.048,2.838,211,NA
STA-CH0033A,46.1603,8.93394,2020-09-04,203,10.24,6.848,NA,NA,10.61,8.502,0.9994,16.82,0.6724,1.107,S,1.011e-6,0,91640,18310000,55.97,73.93,95.14,1.19,2.082,S,811.3,13.85,3.447,0.1596,6.499e-4,3.93,1.636,2.779,1.077,NA,NA,NA,NA,4.032,2.832,211,NA
STA-CH0033A,46.1603,8.93394,2020-09-05,203,12.78,9.653,NA,NA,9.063,7.398,0.6398,17.03,0.7835,1.191,S,8.223e-5,0,91090,15200000,58.83,77.13,99.51,1.03,1.988,S,955.3,14.54,3.431,0.1554,6.69e-4,3.913,1.637,2.794,1.09,NA,NA,NA,NA,4.017,2.827,211,NA
STA-CH0033A,46.1603,8.93394,2020-09-06,203,12.62,9.594,NA,NA,6.579,5.4,0.7888,15.61,0.7474,1.203,S,0.007643,1,90600,9966000,68.74,85.07,98.22,1.483,3.558,S,745.7,21.82,3.413,0.1514,6.887e-4,3.896,1.639,2.81,1.104,NA,NA,NA,NA,4.002,2.822,211,NA
STA-CH0033A,46.1603,8.93394,2020-09-07,203,5.948,3.125,NA,NA,9.289,7.403,0.8678,13.63,0.7855,1.26,S,0.02289,1,90940,3270000,83.64,89.04,94.32,2.433,3.838,S,474.6,26.35,3.394,0.1477,7.09e-4,3.877,1.64,2.826,1.119,NA,NA,NA,NA,3.987,2.816,211,NA
STA-CH0033A,46.1603,8.93394,2020-09-08,203,10.12,6.056,NA,NA,11.25,6.5,0.5917,15.72,0.6289,1.006,S,2.624e-4,0,91650,11730000,67.41,83.06,97.32,1.001,1.664,S,809.7,17.04,3.374,0.1441,7.297e-4,3.858,1.642,2.843,1.133,NA,NA,NA,NA,3.972,2.811,211,NA
STA-CH0033A,46.1603,8.93394,2020-09-09,203,14.95,9.283,NA,NA,12.11,8.349,0.706,16.39,0.7988,1.24,S,6.688e-6,0,91500,14840000,62.2,81.82,99.76,1.265,2.312,S,955.4,14.15,3.353,0.1408,7.508e-4,3.837,1.644,2.86,1.148,NA,NA,NA,NA,3.957,2.805,211,NA
STA-CH0033A,46.1603,8.93394,2020-09-10,203,14.86,9.773,NA,NA,12.52,9.117,0.6776,17.16,0.7992,1.172,S,0.001525,0,90950,14740000,60.3,80.77,99.67,1.508,2.351,N,1031,15.15,3.331,0.1376,7.721e-4,3.817,1.645,2.877,1.163,NA,NA,NA,NA,3.942,2.8,211,NA
STA-CH0033A,46.1603,8.93394,2020-09-11,203,17.7,11.95,NA,NA,12.66,9.954,0.8869,17.02,0.6618,1.219,S,9.853e-4,1,90790,13320000,66.09,83.69,96.6,1.082,2.181,S,947.8,16.3,3.309,0.1347,7.938e-4,3.795,1.646,2.895,1.178,NA,NA,NA,NA,3.927,2.794,211,NA
STA-CH0033A,46.1603,8.93394,2020-09-12,203,16.66,11.86,NA,NA,9.325,7.483,0.5345,17.56,0.7601,1.173,S,4.185e-4,0,91120,14300000,62.09,83.46,99.88,1.108,2.029,S,1018,17.37,3.285,0.1319,8.155e-4,3.773,1.648,2.912,1.194,NA,NA,NA,NA,3.912,2.789,211,NA
STA-CH0033A,46.1603,8.93394,2020-09-13,203,16.29,11.84,NA,NA,8.515,7.084,0.615,18.67,0.7765,1.294,S,2.345e-6,0,91670,15750000,56.52,78.77,96.56,1.442,2.348,S,1040,12.88,3.261,0.1293,8.374e-4,3.751,1.649,2.93,1.209,NA,NA,NA,NA,3.897,2.783,211,NA
STA-CH0033A,46.1603,8.93394,2020-09-14,203,22.18,15.63,NA,NA,12.62,9.51,0.7226,18.25,0.812,1.21,S,1.106e-4,0,91810,13670000,62.89,81.33,99.75,1.213,2.481,S,919.7,15.37,3.236,0.127,8.593e-4,3.728,1.65,2.949,1.225,NA,NA,NA,NA,3.882,2.778,211,NA
STA-CH0033A,46.1603,8.93394,2020-09-15,203,24.64,17.77,NA,NA,13.33,10.36,0.6964,18.28,0.7464,1.217,S,0.003184,0,91460,14840000,61.28,79.24,95.24,1.498,2.45,N,1018,13.33,3.21,0.1248,8.811e-4,3.704,1.652,2.967,1.241,NA,NA,NA,NA,3.867,2.773,211,NA
STA-CH0033A,46.1603,8.93394,2020-09-16,203,27.03,19.35,NA,NA,12.28,10.25,0.9299,17.73,0.6736,0.9809,S,0.003022,0,91090,13840000,58.86,80.36,93.9,1.617,2.969,S,1353,22.65,3.184,0.1228,9.029e-4,3.681,1.653,2.985,1.257,NA,NA,NA,NA,3.839,2.762,211,NA
STA-CH0033A,46.1603,8.93394,2020-09-17,203,18.85,12.03,NA,NA,13.73,10.83,0.5831,17.9,0.7755,1.432,S,5.773e-4,0,91030,15520000,45.22,73.78,96.63,1.406,2.836,S,1044,13.79,3.158,0.121,9.244e-4,3.657,1.654,3.004,1.274,NA,NA,NA,NA,3.811,2.752,211,NA
STA-CH0033A,46.1603,8.93394,2020-09-18,203,20.68,13.7,NA,NA,12.65,10.48,0.8242,17.5,0.6785,1.127,S,5.866e-4,0,91260,13050000,59.68,79.25,97.45,1.16,2.176,NW,1152,13.74,3.131,0.1194,9.456e-4,3.632,1.655,3.023,1.29,NA,NA,NA,NA,3.783,2.742,211,NA
STA-CH0033A,46.1603,8.93394,2020-09-19,203,21.44,14.56,NA,NA,11.79,10.46,0.4719,16.2,0.5026,0.8349,N,0.001274,1,91100,8118000,74.61,88.75,98.07,1.09,2.466,NW,525.3,29.95,3.103,0.1179,9.665e-4,3.608,1.655,3.041,1.307,NA,NA,NA,NA,3.755,2.731,211,NA
STA-CH0033A,46.1603,8.93394,2020-09-20,203,20.29,14.73,NA,NA,8.662,7.493,0.9805,15.1,0.6634,1.241,S,7.157e-4,1,90780,11270000,66.66,84.93,98.99,1.418,2.645,N,1022,26.59,3.076,0.1166,9.87e-4,3.583,1.656,3.06,1.323,NA,NA,NA,NA,3.727,2.721,211,NA
STA-CH0033A,46.1603,8.93394,2020-09-21,203,21.09,15.23,NA,NA,15.72,11.92,0.4563,15.1,0.5183,1.073,S,0.003146,1,90760,11460000,79.63,89.24,97.81,1.084,2.261,N,810.1,23.62,3.048,0.1155,0.001007,3.559,1.656,3.078,1.34,NA,NA,NA,NA,3.699,2.711,211,NA
STA-CH0033A,46.1603,8.93394,2020-09-22,203,12.73,8.623,NA,NA,13.8,11.84,0.2163,13.98,0.3943,0.7836,S,0.008,1,90570,6334000,79.54,89.52,95.54,0.757,1.44,N,682.6,24.5,3.019,0.1146,0.001026,3.534,1.657,3.097,1.357,NA,NA,NA,NA,3.671,2.7,211,NA
STA-CH0033A,46.1603,8.93394,2020-09-23,203,8.58,5.255,NA,NA,8.79,7.145,0.1954,13.85,0.42,1.003,N,0.005359,1,90210,8858000,78.09,89.41,96.1,0.8655,1.667,N,621.4,33.61,2.991,0.1138,0.001045,3.51,1.657,3.115,1.373,NA,NA,NA,NA,3.644,2.69,211,NA
STA-CH0033A,46.1603,8.93394,2020-09-24,203,10.82,6.65,NA,NA,13.66,9.585,0.2655,12.99,0.6689,1.293,NE,0.05056,1,90060,4416000,88.62,95.25,99.53,1.718,3.916,NE,441.7,34.18,2.963,0.1132,0.001063,3.485,1.657,3.133,1.39,NA,NA,NA,NA,3.616,2.68,211,NA
STA-CH0033A,46.1603,8.93394,2020-09-25,203,4.323,3.14,NA,NA,7.454,6.704,0.4957,9.331,1.106,1.937,S,0.02329,1,88970,6600000,62.86,81.7,99.33,3.49,5.085,S,1518,134.3,2.935,0.1128,0.001081,3.461,1.657,3.151,1.407,NA,NA,NA,NA,3.588,2.669,211,NA
STA-CH0033A,46.1603,8.93394,2020-09-26,203,3.835,2.685,NA,NA,5.057,4.304,0.9878,7.368,1.279,1.856,S,3.568e-4,0,89120,12460000,35.58,57.4,74.66,3.846,5.16,S,1929,250.9,2.906,0.1125,0.001097,3.437,1.657,3.169,1.423,NA,NA,NA,NA,3.56,2.659,211,NA
STA-CH0033A,46.1603,8.93394,2020-09-27,203,4.74,3.53,NA,NA,9.219,7.852,1.572,6.488,0.8529,1.366,S,3.335e-4,0,89550,13110000,50.6,67.57,87.45,1.889,3.842,S,1012,49.03,2.878,0.1123,0.001113,3.413,1.657,3.187,1.44,NA,NA,NA,NA,3.532,2.649,211,NA
STA-CH0033A,46.1603,8.93394,2020-09-28,203,6.095,3.888,NA,NA,16.43,11.99,1.287,8.982,0.838,1.446,S,3.164e-6,0,89880,14150000,42.79,65.03,93.81,2.527,4.285,S,1516,32.81,2.851,0.1124,0.001127,3.39,1.656,3.204,1.457,NA,NA,NA,NA,3.504,2.638,211,NA
STA-CH0033A,46.1603,8.93394,2020-09-29,203,7.683,4.736,NA,NA,17.38,13.11,1.619,12.07,0.5954,1.19,S,4.239e-5,0,90650,10750000,55.44,69.08,88.76,1.603,2.726,S,739.6,22.91,2.823,0.1125,0.001141,3.367,1.655,3.221,1.473,NA,NA,NA,NA,3.476,2.628,211,NA
STA-CH0033A,46.1603,8.93394,2020-09-30,203,10.22,6.437,NA,NA,19.26,12.25,1.338,11.22,0.7807,1.273,S,1.222e-5,0,90550,12670000,62.92,83.06,98.09,1.28,2.292,S,944.6,15.57,2.796,0.1129,0.001153,3.344,1.654,3.237,1.49,NA,NA,NA,NA,3.448,2.618,211,NA
STA-CH0033A,46.1603,8.93394,2020-10-01,203,12.89,7.881,NA,NA,20.2,15.46,1.467,10.65,0.7651,1.09,S,0.004546,1,89920,6239000,73.06,87.59,99.56,1.157,2.103,NE,569.3,34,2.769,0.1133,0.001164,3.322,1.653,3.254,1.506,NA,NA,NA,NA,3.42,2.607,211,NA
STA-CH0033A,46.1603,8.93394,2020-10-02,203,9.42,7.498,NA,NA,15.43,13.87,0.4186,10.71,1.291,2.105,NE,0.0821,1,89030,1911000,93.91,97.09,99.21,3.346,6.222,E,1034,115.8,2.742,0.1139,0.001174,3.3,1.652,3.269,1.522,NA,NA,NA,NA,3.392,2.597,211,NA
STA-CH0033A,46.1603,8.93394,2020-10-03,203,4.344,3.789,NA,NA,5.07,4.532,0.3883,9.379,1.362,3.056,NE,0.05542,1,88870,5216000,79.19,92.71,97.33,3.429,6.499,NE,1033,126.3,2.714,0.1147,0.001184,3.277,1.649,3.284,1.538,NA,NA,NA,NA,3.364,2.587,211,NA
STA-CH0033A,46.1603,8.93394,2020-10-04,203,5.526,4.256,NA,NA,4.826,4.242,0.5313,7.946,1.085,1.629,NE,0.04208,1,89420,5564000,85.08,94.39,98.08,2.469,3.733,NE,892.8,145.8,2.686,0.1157,0.001193,3.253,1.646,3.299,1.553,NA,NA,NA,NA,3.336,2.577,211,NA
STA-CH0033A,46.1603,8.93394,2020-10-05,203,5.229,3.821,NA,NA,12.57,9.871,1.01,8.298,0.5496,1.053,S,0.004894,1,89900,8159000,64.64,82.91,95.74,1.287,2.501,N,755.9,68.66,2.657,0.1169,0.001202,3.228,1.642,3.312,1.569,NA,NA,NA,NA,3.308,2.566,211,NA
STA-CH0033A,46.1603,8.93394,2020-10-06,203,9.594,6.217,NA,NA,22.2,11.51,1.477,9.002,0.587,1.219,S,0.001716,1,90320,7764000,66.15,80.45,92.01,1.281,2.493,N,912.3,50.76,2.627,0.1182,0.00121,3.203,1.638,3.326,1.584,NA,NA,NA,NA,3.28,2.556,211,NA
STA-CH0033A,46.1603,8.93394,2020-10-07,203,5.357,3.858,NA,NA,10.64,8.626,1.092,9.906,1.159,1.627,S,7.778e-5,0,90420,12450000,40.53,66.04,91.77,3.21,4.375,S,1673,42.37,2.597,0.1197,0.001218,3.177,1.633,3.338,1.599,NA,NA,NA,NA,3.253,2.546,211,NA
STA-CH0033A,46.1603,8.93394,2020-10-08,203,5.789,3.511,NA,NA,14.91,11.86,1.171,10.28,0.899,1.412,S,2.935e-6,0,91200,12540000,45.61,65.28,84.95,2.018,4.043,S,748.4,12.06,2.567,0.1214,0.001226,3.151,1.628,3.351,1.614,NA,NA,NA,NA,3.225,2.535,211,NA
STA-CH0033A,46.1603,8.93394,2020-10-09,203,8.579,5.386,NA,NA,19.67,12.25,1.415,9.928,0.68,1.131,S,1.388e-17,0,91210,9719000,57.68,78.69,99.21,0.8701,2.051,S,665.4,12.71,2.536,0.1232,0.001232,3.125,1.622,3.363,1.629,NA,NA,NA,NA,3.197,2.525,211,NA
STA-CH0033A,46.1603,8.93394,2020-10-10,203,7.267,5.543,NA,NA,14.32,8.537,1.173,9.604,0.8744,1.358,S,5.193e-4,0,90790,8935000,60.65,77.82,99.11,2.07,4.046,S,984,29.19,2.505,0.1252,0.001239,3.098,1.616,3.375,1.644,NA,NA,NA,NA,3.169,2.515,211,NA
STA-CH0033A,46.1603,8.93394,2020-10-11,203,2.775,2.368,NA,NA,2.607,2.076,0.6701,7.642,1.557,1.898,S,3.142e-5,0,90280,9643000,39.51,59.94,77.87,4.166,4.728,S,1528,402.5,2.474,0.1274,0.001244,3.071,1.61,3.386,1.659,NA,NA,NA,NA,3.141,2.504,211,NA
STA-CH0033A,46.1603,8.93394,2020-10-12,203,3.928,2.565,NA,NA,4.78,3.93,0.858,6.759,1.518,1.943,S,8.674e-6,0,90290,12270000,33.78,51.29,69.56,4.402,5.157,S,1517,343.2,2.443,0.1297,0.00125,3.044,1.603,3.398,1.673,NA,NA,NA,NA,3.113,2.494,211,NA
STA-CH0033A,46.1603,8.93394,2020-10-13,203,8.504,4.38,NA,NA,23.96,14.87,1.307,6.892,0.7845,1.178,S,3.826e-7,0,89940,12540000,39.95,54.12,68.29,1.937,3.519,S,1537,18.68,2.411,0.1322,0.001254,3.017,1.596,3.41,1.688,NA,NA,NA,NA,3.085,2.484,211,NA
STA-CH0033A,46.1603,8.93394,2020-10-14,203,9.42,5.72,NA,NA,21.05,15.28,1.285,7.578,0.6978,1.144,S,1.372e-5,0,89850,10990000,51.14,65.07,76.8,1.578,2.622,S,911.8,52.22,2.379,0.1349,0.001258,2.991,1.589,3.421,1.703,NA,NA,NA,NA,3.057,2.473,211,NA
STA-CH0033A,46.1603,8.93394,2020-10-15,203,10.39,7.739,NA,NA,27,20.01,1.116,5.288,0.8812,1.074,S,0.008369,1,89690,2861000,73.18,83.15,91.25,2.658,3.26,S,520.5,76.8,2.348,0.1377,0.001262,2.964,1.581,3.433,1.719,NA,NA,NA,NA,3.029,2.463,211,NA
STA-CH0033A,46.1603,8.93394,2020-10-16,203,8.447,5.682,NA,NA,18.9,11.99,0.736,7.906,0.5312,0.8555,S,1.262e-4,0,90180,9209000,49.15,66.86,85.19,2.015,3.009,S,1236,94.13,2.316,0.1407,0.001265,2.938,1.574,3.445,1.734,NA,NA,NA,NA,3.018,2.459,211,NA
STA-CH0033A,46.1603,8.93394,2020-10-17,203,7.22,5.997,NA,NA,22.44,12.08,1.246,8.289,0.6608,1.077,S,4.661e-4,0,90440,11030000,51.81,69.09,82.44,1.686,3.033,S,1168,33.66,2.284,0.1439,0.001267,2.912,1.567,3.457,1.749,NA,NA,NA,NA,3.006,2.455,211,NA
STA-CH0033A,46.1603,8.93394,2020-10-18,203,11.07,9.803,NA,NA,12.71,10.32,1.357,7.367,0.5457,0.9176,S,4.144e-5,0,90920,7724000,57.42,76.21,94.75,1.351,2.198,S,847.1,27.73,2.253,0.1471,0.001269,2.887,1.559,3.469,1.765,NA,NA,NA,NA,2.995,2.451,211,NA
STA-CH0033A,46.1603,8.93394,2020-10-19,203,16.93,12.87,NA,NA,24.59,16.65,1.412,6.445,0.5209,0.8175,S,7.087e-4,1,91250,5112000,75.1,84.81,94.53,1.127,2.156,SE,518,41.82,2.222,0.1506,0.00127,2.863,1.552,3.482,1.781,NA,NA,NA,NA,2.983,2.446,211,NA
STA-CH0033A,46.1603,8.93394,2020-10-20,203,15.8,11.26,NA,NA,26.62,20.11,1.627,6.325,0.5562,0.8781,S,5.835e-4,1,91300,4969000,73.84,85.85,95.91,1.122,2.239,S,529.8,53.34,2.191,0.1542,0.001271,2.839,1.544,3.495,1.798,NA,NA,NA,NA,2.972,2.442,211,NA
STA-CH0033A,46.1603,8.93394,2020-10-21,203,18.68,12.99,NA,NA,28.12,18.27,1.344,7.89,0.4524,0.7735,S,0.00205,1,91250,4383000,76.79,85.99,94.18,1.114,2.118,N,389.2,53.62,2.16,0.1579,0.001271,2.816,1.537,3.509,1.814,NA,NA,NA,NA,2.96,2.438,211,NA
STA-CH0033A,46.1603,8.93394,2020-10-22,203,19.28,12.85,NA,NA,37.48,21.99,2.363,9.078,0.4487,0.8358,S,0.005159,1,91270,2701000,83.95,91.86,96.69,1.129,2.009,SE,226.5,43.87,2.13,0.1618,0.00127,2.794,1.53,3.523,1.831,NA,NA,NA,NA,2.949,2.434,211,NA
STA-CH0033A,46.1603,8.93394,2020-10-23,203,8.388,7.754,NA,NA,25.33,21.14,0.4824,9.531,0.4296,1.018,NE,0.02859,1,90890,1373000,95.1,97.61,99.04,1.173,1.935,NE,170.3,39.24,2.1,0.1659,0.001269,2.773,1.523,3.538,1.848,NA,NA,NA,NA,2.938,2.43,211,NA
STA-CH0033A,46.1603,8.93394,2020-10-24,203,6.318,4.524,NA,NA,21.1,17.18,1.468,10.06,0.6469,1.077,S,8.695e-4,0,90660,8478000,51.31,82.43,99.9,1.686,3.03,S,942,17.27,2.071,0.1701,0.001267,2.753,1.517,3.554,1.866,NA,NA,NA,NA,2.926,2.425,211,NA
STA-CH0033A,46.1603,8.93394,2020-10-25,203,7.508,5.778,NA,NA,11.77,9.157,1.059,7.651,0.7587,1.222,S,0.002953,1,90460,4853000,71.1,88.94,99.28,1.456,2.453,SE,486.6,36,2.042,0.1744,0.001264,2.735,1.511,3.57,1.884,NA,NA,NA,NA,2.915,2.421,211,NA
STA-CH0033A,46.1603,8.93394,2020-10-26,203,5.568,5.313,NA,NA,8.964,8.375,0.6287,7.285,0.873,1.396,S,0.0559,1,89630,601500,88.69,95.66,98.92,2.728,3.937,S,469.4,112.1,2.014,0.1789,0.001261,2.717,1.505,3.587,1.903,NA,NA,NA,NA,2.903,2.417,211,NA
STA-CH0033A,46.1603,8.93394,2020-10-27,203,2.866,2.487,NA,NA,9.086,7.91,0.7152,6.212,0.972,1.504,S,0.003295,0,89980,9140000,44.55,70.79,90.74,2.34,3.798,S,898.3,15.56,1.987,0.1835,0.001257,2.701,1.5,3.605,1.922,NA,NA,NA,NA,2.892,2.413,211,NA
STA-CH0033A,46.1603,8.93394,2020-10-28,203,8.157,4.685,NA,NA,27.67,18.87,1.29,7.046,0.6471,1.017,S,1.09e-4,0,90670,8171000,59.43,73.54,83.75,1.174,2.447,S,621,13.05,1.96,0.1883,0.001253,2.687,1.495,3.624,1.942,NA,NA,NA,NA,2.88,2.409,211,NA
STA-CH0033A,46.1603,8.93394,2020-10-29,203,11.01,6.178,NA,NA,31.58,19.13,1.79,8.667,0.8395,1.136,S,2.234e-5,0,90890,7519000,56.04,74.06,95.97,2.231,3.762,S,800.4,22.37,1.934,0.1932,0.001247,2.674,1.491,3.644,1.963,NA,NA,NA,NA,2.869,2.404,211,NA
STA-CH0033A,46.1603,8.93394,2020-10-30,203,12.82,7.186,NA,NA,42.17,20.91,1.32,10.84,0.8301,1.274,S,3.7e-6,0,91300,9121000,56.95,70.84,82.6,2.216,3.717,S,436.5,21.3,1.909,0.1982,0.001242,2.663,1.487,3.666,1.984,NA,NA,NA,NA,2.857,2.4,211,NA
STA-CH0033A,46.1603,8.93394,2020-10-31,203,14.11,9.734,NA,NA,31.29,17.56,1.718,9.546,0.8685,1.417,S,5.42e-6,0,91290,9247000,53.18,76.42,92.19,1.579,2.975,S,265.4,12.39,1.885,0.2034,0.001235,2.653,1.484,3.688,2.005,NA,NA,NA,NA,2.846,2.396,211,NA
STA-CH0033A,46.1603,8.93394,2020-11-01,203,17.08,13.83,NA,NA,22.91,13.88,1.493,8.719,0.702,1.286,S,1.639e-5,0,91140,5812000,54.89,76.9,95.87,1.332,2.584,S,199.9,15.57,1.861,0.2087,0.001228,2.645,1.482,3.711,2.028,NA,NA,NA,NA,2.835,2.392,211,NA
STA-CH0033A,46.1603,8.93394,2020-11-02,203,19.74,13.4,NA,NA,41.47,22.69,2.211,10.72,0.4832,0.9129,S,3.04e-5,0,91190,7965000,63.05,78.52,99.06,0.9252,1.897,S,418.8,13.53,1.839,0.2146,0.001219,2.64,1.48,3.737,2.051,NA,NA,NA,NA,2.823,2.388,211,NA
STA-CH0033A,46.1603,8.93394,2020-11-03,203,26.57,17.64,NA,NA,31.48,21.22,3.679,9.782,0.4562,0.817,S,0.001252,1,91210,4840000,76.01,89.94,99.41,0.825,1.821,S,297.7,17.18,1.817,0.2213,0.001209,2.635,1.478,3.765,2.077,NA,NA,NA,NA,2.812,2.383,211,NA
STA-CH0033A,46.1603,8.93394,2020-11-04,203,22.7,15.4,NA,NA,34.76,18,1.717,9.242,0.5661,0.8633,S,0.002116,1,91290,3233000,73.53,84.56,92.4,1.868,2.576,S,253.4,66.05,1.795,0.229,0.001198,2.631,1.477,3.795,2.105,NA,NA,NA,NA,2.8,2.379,211,NA
STA-CH0033A,46.1603,8.93394,2020-11-05,203,12.98,8.295,NA,NA,43.49,19.32,0.8695,9.726,0.5053,0.9883,S,1.612e-4,0,91860,6513000,67.67,81.31,89.48,1.461,2.647,S,397.7,12.57,1.774,0.2374,0.001186,2.628,1.476,3.827,2.134,NA,NA,NA,NA,2.789,2.375,211,NA
STA-CH0033A,46.1603,8.93394,2020-11-06,203,27.99,21.23,NA,NA,37.38,20.38,1.104,8.544,0.4855,1.279,S,0.001019,1,91990,3811000,73.39,88.16,99.9,1.085,3.585,S,318.1,15.98,1.754,0.2464,0.001172,2.627,1.476,3.86,2.165,NA,NA,NA,NA,2.777,2.371,211,NA
STA-CH0033A,46.1603,8.93394,2020-11-07,203,14.75,11.18,NA,NA,27.13,15.94,0.6102,7.379,0.9275,1.445,S,2.088e-6,0,91830,8219000,54.25,79.02,97.86,1.332,2.656,S,440.1,12.93,1.734,0.256,0.001157,2.626,1.476,3.896,2.197,NA,NA,NA,NA,2.766,2.367,211,NA
STA-CH0033A,46.1603,8.93394,2020-11-08,203,15.33,11.39,NA,NA,20.09,15.83,0.8014,7.166,0.8264,1.382,S,4.291e-7,0,91520,7182000,56.38,79.75,99.48,1.151,2.372,S,469.8,12.18,1.715,0.2662,0.001142,2.626,1.476,3.932,2.23,NA,NA,NA,NA,2.754,2.363,211,NA
STA-CH0033A,46.1603,8.93394,2020-11-09,203,20.24,11.4,NA,NA,46.62,20.57,0.8165,6.8,0.8937,1.38,S,5.006e-6,0,91350,7567000,61.39,84.91,99.84,1.295,2.281,S,564.4,12.28,1.696,0.2767,0.001125,2.627,1.476,3.97,2.264,NA,NA,NA,NA,2.743,2.358,211,NA
STA-CH0033A,46.1603,8.93394,2020-11-10,203,19.52,10.41,NA,NA,45.29,20.91,0.6753,6.682,0.8992,1.431,S,4.848e-6,0,91400,7275000,59.73,84.46,99.63,1.335,2.37,S,409.8,11.7,1.677,0.2876,0.001107,2.628,1.477,4.009,2.299,NA,NA,NA,NA,2.732,2.354,211,NA
STA-CH0033A,46.1603,8.93394,2020-11-11,203,20.41,12.13,NA,NA,51.93,24.23,0.9619,5.82,0.7429,1.378,S,6.947e-4,1,91380,6837000,58.61,83.68,98.98,1.502,2.63,S,406.2,27.55,1.659,0.2987,0.001089,2.629,1.478,4.049,2.334,NA,NA,NA,NA,2.72,2.35,211,NA
STA-CH0033A,46.1603,8.93394,2020-11-12,203,44.73,33.63,NA,NA,59.32,29.69,1.133,7.075,0.413,0.7889,S,1.72e-4,0,91260,6125000,69.9,87.24,98.7,0.9352,1.735,S,575.1,24.2,1.642,0.31,0.00107,2.631,1.479,4.089,2.37,NA,NA,NA,NA,2.709,2.346,211,NA
STA-CH0033A,46.1603,8.93394,2020-11-13,203,27.51,19.74,NA,NA,35.59,23.7,1.588,5.485,0.5673,0.8629,S,7.626e-5,1,91320,4083000,73.82,88.76,99.5,0.867,2.306,S,393.7,27.25,1.625,0.3213,0.001051,2.634,1.48,4.13,2.406,NA,NA,NA,NA,2.697,2.342,211,NA
STA-CH0033A,46.1603,8.93394,2020-11-14,203,22.75,17.62,NA,NA,33.99,20.85,0.905,5.46,0.5803,0.8791,S,2.144e-5,1,91320,4927000,68.27,87.17,99.49,0.9016,1.956,S,398.8,28.79,1.608,0.3326,0.001031,2.636,1.481,4.171,2.442,NA,NA,NA,NA,2.686,2.337,211,NA
STA-CH0033A,46.1603,8.93394,2020-11-15,203,21.67,19.04,NA,NA,20.81,14.68,0.9449,4.924,0.5778,0.9311,S,6.38e-4,1,91040,5207000,70.32,86.92,99.21,0.9371,1.873,N,516.2,19.69,1.592,0.3438,0.001011,2.639,1.483,4.212,2.478,NA,NA,NA,NA,2.674,2.333,211,NA
STA-CH0033A,46.1603,8.93394,2020-11-16,203,15.6,12.86,NA,NA,27.16,15.91,0.9545,7.22,0.8795,1.395,S,0.001531,0,90750,6863000,49.39,71.2,90.77,2.654,4.198,S,845.5,37.67,1.576,0.3548,9.901e-4,2.642,1.485,4.253,2.514,NA,NA,NA,NA,2.669,2.331,211,NA
STA-CH0033A,46.1603,8.93394,2020-11-17,203,11.2,5.879,NA,NA,43.52,21.42,1.161,6.825,0.7434,1.362,S,3.988e-6,0,91530,6857000,56.02,69.77,92.26,1.801,3.259,S,405.5,11.95,1.56,0.3655,9.693e-4,2.645,1.487,4.294,2.549,NA,NA,NA,NA,2.665,2.33,211,NA
STA-CH0033A,46.1603,8.93394,2020-11-18,203,21.73,11.44,NA,NA,76.82,30.02,1.761,5.688,0.882,1.424,S,1.32e-6,0,91740,6912000,55.11,79.83,98.65,1.057,2.953,S,302.1,13,1.545,0.3759,9.485e-4,2.647,1.489,4.334,2.583,NA,NA,NA,NA,2.66,2.328,211,NA
STA-CH0033A,46.1603,8.93394,2020-11-19,203,19.76,10.44,NA,NA,81.83,27.14,1.634,4.85,1.108,2.058,S,7.082e-5,0,91170,5570000,59.18,78.9,99,2.529,5.801,S,1076,26.24,1.53,0.3858,9.276e-4,2.65,1.492,4.373,2.617,NA,NA,NA,NA,2.655,2.326,211,NA
STA-CH0033A,46.1603,8.93394,2020-11-20,203,2.716,0.902,NA,NA,3.411,2.878,0.1781,3.566,1.567,1.808,S,6.834e-5,0,91250,6473000,40.96,57.98,72.61,4.834,5.714,S,1371,260.2,1.515,0.3952,9.067e-4,2.652,1.494,4.412,2.649,NA,NA,NA,NA,2.65,2.324,211,NA
STA-CH0033A,46.1603,8.93394,2020-11-21,203,13.34,9.182,NA,NA,28.52,22.59,1.818,2.018,0.6713,0.9914,NW,4.626e-6,0,91850,5195000,51.1,66.57,83.94,1.431,3.409,S,455,21.67,1.501,0.404,8.861e-4,2.653,1.497,4.449,2.68,NA,NA,NA,NA,2.645,2.322,211,NA
STA-CH0033A,46.1603,8.93394,2020-11-22,203,24.29,20.44,NA,NA,32.15,24.71,1.831,3.44,0.4144,0.678,W,0,0,91690,6676000,56.95,70.26,77.96,0.7322,1.835,S,281.1,18.37,1.487,0.4121,8.656e-4,2.654,1.5,4.485,2.71,NA,NA,NA,NA,2.64,2.32,211,NA
STA-CH0033A,46.1603,8.93394,2020-11-23,203,25.54,18.88,NA,NA,65.11,29.71,2.194,4.426,0.4607,0.9679,S,0,0,91420,6154000,57.69,72.6,84.63,1.193,2.873,S,231.3,21.48,1.473,0.4193,8.455e-4,2.655,1.503,4.52,2.738,NA,NA,NA,NA,2.636,2.319,211,NA
STA-CH0033A,46.1603,8.93394,2020-11-24,203,35.76,22.96,NA,NA,100.1,37.63,2.52,4.498,0.5833,0.926,S,1.696e-6,0,91420,6668000,47.17,69.96,79.46,1.187,3.3,S,337.4,12.42,1.459,0.4257,8.259e-4,2.655,1.506,4.553,2.764,NA,NA,NA,NA,2.631,2.317,211,NA
STA-CH0033A,46.1603,8.93394,2020-11-25,203,34.11,18.89,NA,NA,112.1,36.57,2.354,2.718,0.723,1.241,S,2.301e-6,0,91170,6215000,50.64,78.34,97.36,0.9889,2.962,S,294.1,12.7,1.446,0.43120000000000003,8.067e-4,2.654,1.509,4.584,2.789,NA,NA,NA,NA,2.626,2.315,211,NA
STA-CH0033A,46.1603,8.93394,2020-11-26,203,29.4,18.48,NA,NA,119.9,37.67,2.537,2.868,0.7011,1.224,S,8.872e-7,0,91150,6531000,50.71,75.34,98.79,1.197,3.172,S,296.5,14.09,1.433,0.4356,7.882e-4,2.652,1.512,4.613,2.811,NA,NA,NA,NA,2.621,2.313,211,NA
STA-CH0033A,46.1603,8.93394,2020-11-27,203,27.21,17.67,NA,NA,110.6,37.81,2.619,3.306,0.595,1.04,S,1.502e-7,0,90970,5988000,47.85,72.44,97.09,1.155,3.141,S,380.9,14.87,1.42,0.4388,7.703e-4,2.649,1.515,4.64,2.831,NA,NA,NA,NA,2.616,2.311,211,NA
STA-CH0033A,46.1603,8.93394,2020-11-28,203,26.06,21.32,NA,NA,61.2,32.29,2.61,4.157,0.5822,0.8869,S,1.045e-6,0,90630,4486000,65.38,77.11,86.78,1.361,3.211,S,326.8,23.02,1.408,0.4408,7.532e-4,2.645,1.518,4.664,2.848,NA,NA,NA,NA,2.612,2.309,211,NA
STA-CH0033A,46.1603,8.93394,2020-11-29,203,32.6,28.83,NA,NA,39.65,24.78,2.409,3.854,0.4874,1.07,S,0,0,90580,5355000,60.63,77.23,91.45,1.072,2.846,S,391.3,22.99,1.396,0.4415,7.37e-4,2.64,1.522,4.686,2.863,NA,NA,NA,NA,2.607,2.308,211,NA
STA-CH0033A,46.1603,8.93394,2020-11-30,203,26.7,20.89,NA,NA,65.58,32.59,3.377,2.749,0.366,0.7798,N,3.744e-5,1,90950,3488000,59.05,75.64,86.86,0.9567,2.29,S,269.4,23.02,1.383,0.4409,7.218e-4,2.634,1.525,4.705,2.874,NA,NA,NA,NA,2.602,2.306,211,NA
STA-CH0033A,46.1603,8.93394,2020-12-01,203,28.85,22.64,NA,NA,44.63,30.59,3.528,1.418,0.4468,0.8107,N,0.002763,1,90300,2072000,69.82,82.63,91.72,1.004,2.527,N,505.4,31.53,1.371,0.4387,7.076e-4,2.626,1.528,4.721,2.883,NA,NA,NA,NA,2.597,2.304,211,NA
STA-CH0033A,46.1603,8.93394,2020-12-02,203,19.86,17.82,NA,NA,37.2,25.44,1.985,0.4439,0.5775,1.043,S,0.002509,1,89820,1744000,64.91,78.08,90.37,1.664,3.237,S,356.1,93.06,1.36,0.4351,6.942e-4,2.617,1.532,4.734,2.889,NA,NA,NA,NA,2.592,2.302,211,NA
STA-CH0033A,46.1603,8.93394,2020-12-03,203,15.66,13.89,NA,NA,54.6,25.4,1.388,0.1933,0.7373,1.117,S,0.001417,5,89430,5008000,59.48,79.13,91.97,1.922,3.011,S,356,33.7,1.349,0.4301,6.813e-4,2.606,1.535,4.745,2.894,NA,NA,NA,NA,2.587,2.3,211,NA
STA-CH0033A,46.1603,8.93394,2020-12-04,203,7.187,7.221,NA,NA,50.15,31.33,1.09,-0.932,0.6545,0.9726,NW,0.05599,6,88580,329900,90.82,94.91,97.62,1.279,2.656,N,254.9,60.17,1.338,0.4239,6.689e-4,2.592,1.539,4.753,2.897,NA,NA,NA,NA,2.582,2.299,211,NA
STA-CH0033A,46.1603,8.93394,2020-12-05,203,13.6,12.54,NA,NA,70.83,35.48,1.524,0.3928,0.5664,0.8429,S,0.02846,1,88790,922700,79.98,89.57,98.09,1.785,2.982,S,179.7,42.81,1.328,0.4165,6.568e-4,2.577,1.543,4.759,2.899,NA,NA,NA,NA,2.578,2.297,211,NA
STA-CH0033A,46.1603,8.93394,2020-12-06,203,9.998,9.762,NA,NA,22.95,21.72,0.9252,1.22,0.4659,0.6534,SE,0.03377,1,88710,524300,92.34,95.46,99.37,1.318,2.84,S,178.5,14.25,1.318,0.4079,6.451e-4,2.559,1.547,4.763,2.9,NA,NA,NA,NA,2.573,2.295,211,NA
STA-CH0033A,46.1603,8.93394,2020-12-07,203,16.61,15.49,NA,NA,67.34,46.86,0.8846,-0.4228,0.4237,0.6657,E,0.01617,7,89040,1525000,83.11,92.79,99.17,1.25,1.955,SE,295.4,38.57,1.309,0.3983,6.339e-4,2.54,1.552,4.766,2.899,NA,NA,NA,NA,2.568,2.293,211,NA
STA-CH0033A,46.1603,8.93394,2020-12-08,203,17,15.87,NA,NA,34.47,30.59,1.819,0.4427,0.691,0.9674,S,0.007947,1,89060,1073000,78.68,87.48,95.21,1.871,3.585,S,221.3,35.27,1.3,0.3877,6.229e-4,2.52,1.556,4.766,2.897,NA,NA,NA,NA,2.563,2.291,211,NA
STA-CH0033A,46.1603,8.93394,2020-12-09,203,8.38,7.55,NA,NA,17.89,16.73,0.9799,0.983,1.078,1.393,S,0.003199,1,89170,1433000,66.39,73.94,83.54,3.566,4.329,S,548.3,90.58,1.292,0.3761,6.123e-4,2.498,1.561,4.765,2.894,NA,NA,NA,NA,2.558,2.289,211,NA
STA-CH0033A,46.1603,8.93394,2020-12-10,203,14.08,9.901,NA,NA,69.05,30.54,2.633,-0.9353,0.7804,1.293,S,8.767e-5,0,89390,2875000,63.56,79.06,95.91,1.491,2.905,S,170.5,18.36,1.284,0.3638,6.02e-4,2.474,1.566,4.762,2.89,NA,NA,NA,NA,2.553,2.288,211,NA
STA-CH0033A,46.1603,8.93394,2020-12-11,203,17.62,13.75,NA,NA,71.58,36.52,3.027,-2.57,0.7231,1.229,S,0.001151,1,89330,1676000,74.29,84.99,95.07,1.184,2.923,SE,181,35.62,1.276,0.3506,5.919e-4,2.449,1.571,4.758,2.886,NA,NA,NA,NA,2.549,2.286,211,NA
STA-CH0033A,46.1603,8.93394,2020-12-12,203,18.4,15.72,NA,NA,43.25,25.81,3.138,0.2264,0.5795,0.9224,S,0.001408,0,89080,2459000,65.3,76.23,87.32,2.04,3.469,S,174.9,46.22,1.269,0.3368,5.821e-4,2.424,1.576,4.753,2.88,NA,NA,NA,NA,2.544,2.284,211,NA
STA-CH0033A,46.1603,8.93394,2020-12-13,203,17.21,15.4,NA,NA,33.31,23.69,1.592,-0.1943,1.161,1.639,S,6.53e-6,0,89970,3470000,58.26,75.24,92.79,2.718,4.009,S,198.1,27.14,1.262,0.3223,5.725e-4,2.397,1.581,4.746,2.874,NA,NA,NA,NA,2.539,2.282,211,NA
STA-CH0033A,46.1603,8.93394,2020-12-14,203,19.66,15.15,NA,NA,106.7,33.21,2.192,-1.464,1.034,1.426,S,6.813e-5,0,90610,3443000,57.48,76.47,94.94,1.38,3.44,S,82.14,15.67,1.255,0.3072,5.632e-4,2.369,1.586,4.738,2.867,NA,NA,NA,NA,2.534,2.28,211,NA
STA-CH0033A,46.1603,8.93394,2020-12-15,203,19.92,13.85,NA,NA,74.78,31.65,2.841,0.7462,0.8074,1.21,S,4.094e-4,5,90740,1949000,69.26,78.99,96.14,0.9433,2.228,S,79.16,13.77,1.248,0.2917,5.54e-4,2.34,1.592,4.73,2.859,NA,NA,NA,NA,2.529,2.278,211,NA
STA-CH0033A,46.1603,8.93394,2020-12-16,203,17.49,13.67,NA,NA,59.09,28.56,3.667,2.949,0.4893,0.8142,S,5.384e-4,1,91020,2246000,76.81,81.93,88.89,0.9865,2.959,N,253.1,18.1,1.242,0.2757,5.449e-4,2.311,1.597,4.721,2.851,NA,NA,NA,NA,2.528,2.278,211,NA
STA-CH0033A,46.1603,8.93394,2020-12-17,203,16.6,12.59,NA,NA,83.64,30.92,2.637,2.935,0.6534,1.02,S,1.686e-5,0,91290,2807000,68.56,79.35,88.99,1.738,3.672,S,132.3,14.76,1.235,0.2593,5.36e-4,2.281,1.603,4.711,2.843,NA,NA,NA,NA,2.526,2.277,211,NA
STA-CH0033A,46.1603,8.93394,2020-12-18,203,18.67,14.7,NA,NA,73.09,33.24,1.744,1.118,0.798,1.322,S,1.698e-5,0,91460,2706000,60.9,81.74,97.73,1.223,2.911,S,111.9,20.58,1.229,0.2427,5.271e-4,2.251,1.608,4.7,2.834,NA,NA,NA,NA,2.525,2.277,211,NA
STA-CH0033A,46.1603,8.93394,2020-12-19,203,20.4,17.78,NA,NA,42.07,26.99,2.08,3.089,0.6527,0.8262,S,0.002676,1,91270,905900,79.07,81.64,85.11,1.264,2.396,SE,105.3,29.21,1.223,0.2259,5.184e-4,2.22,1.614,4.689,2.825,NA,NA,NA,NA,2.523,2.276,211,NA
STA-CH0033A,46.1603,8.93394,2020-12-20,203,21.2,19.07,NA,NA,24.41,14.3,1.814,3.735,0.36,0.6,S,0.005435,1,91200,1023000,76.54,83.32,88.13,0.8979,2.438,S,553.1,16.63,1.217,0.2089,5.096e-4,2.19,1.619,4.678,2.816,NA,NA,NA,NA,2.522,2.276,211,NA
STA-CH0033A,46.1603,8.93394,2020-12-21,203,17.53,14.4,NA,NA,58.05,18.84,1.928,2.198,0.6285,1.158,S,0.001855,1,91300,1420000,79.05,87.63,98.29,1.078,2.259,SE,125.1,13.38,1.211,0.1919,5.009e-4,2.159,1.625,4.667,2.807,NA,NA,NA,NA,2.521,2.275,211,NA
STA-CH0033A,46.1603,8.93394,2020-12-22,203,14.5,12.28,NA,NA,85.98,20.17,1.673,2.731,0.8251,1.234,S,2.732e-5,0,91240,2780000,73.01,86.02,98.57,1.311,2.442,S,106.9,12.61,1.205,0.1749,4.923e-4,2.128,1.63,4.656,2.798,NA,NA,NA,NA,2.519,2.275,211,NA
STA-CH0033A,46.1603,8.93394,2020-12-23,203,16.82,13.34,NA,NA,70.15,20.39,2.16,2.567,0.6706,1.1,S,4.368e-4,1,91090,1947000,78.22,87.52,98.02,0.8065,1.751,SE,92.53,12.67,1.199,0.1579,4.835e-4,2.097,1.636,4.645,2.788,NA,NA,NA,NA,2.518,2.274,211,NA
STA-CH0033A,46.1603,8.93394,2020-12-24,203,16.81,15.29,NA,NA,49.62,18.24,1.523,3.138,0.5655,1.072,S,0.003466,1,90180,1445000,86.75,89.07,92.92,1.188,2.076,SE,103.1,16.76,1.192,0.1411,4.748e-4,2.066,1.642,4.634,2.779,NA,NA,NA,NA,2.516,2.274,211,NA
STA-CH0033A,46.1603,8.93394,2020-12-25,203,5.15,4.928,NA,NA,8.505,5.739,0.3923,-0.002104,1.625,1.905,S,0.00211,1,89840,1486000,62.51,69.73,82.71,4.727,5.964,S,1417,41.52,1.186,0.1245,4.659e-4,2.036,1.647,4.623,2.771,NA,NA,NA,NA,2.515,2.273,211,NA
STA-CH0033A,46.1603,8.93394,2020-12-26,203,4.205,3.752,NA,NA,4.593,4.27,0.4696,-2.559,1.406,1.81,S,2.308e-5,0,90540,4054000,42.56,57.71,68.35,4.044,5.238,S,1019,63.76,1.18,0.1081,4.57e-4,2.006,1.653,4.613,2.762,NA,NA,NA,NA,2.513,2.273,211,NA
STA-CH0033A,46.1603,8.93394,2020-12-27,203,16.31,13.57,NA,NA,22.68,19.79,1.631,-4.428,0.592,1.128,S,0.001719,5,89600,2763000,56.13,66.09,86.24,1.011,2.276,SE,204.9,20.3,1.173,0.09216,4.479e-4,1.977,1.658,4.604,2.754,NA,NA,NA,NA,2.512,2.272,211,NA
STA-CH0033A,46.1603,8.93394,2020-12-28,203,19.11,17.88,NA,NA,38.37,28.92,2.21,-3.535,0.6042,0.9722,SW,0.01415,5,87760,1187000,77.48,87.51,97.75,1.129,2.31,S,494.9,50.23,1.167,0.07661,4.387e-4,1.948,1.663,4.596,2.746,NA,NA,NA,NA,2.51,2.272,211,NA
STA-CH0033A,46.1603,8.93394,2020-12-29,203,22.77,20.57,NA,NA,63.27,38,2.409,-1.388,0.4469,0.8933,S,5.715e-4,1,88550,1980000,71.23,81.67,95.53,1.018,1.904,NE,156.4,32.46,1.16,0.06155,4.293e-4,1.92,1.669,4.588,2.739,NA,NA,NA,NA,2.509,2.271,211,NA
STA-CH0033A,46.1603,8.93394,2020-12-30,203,20.92,19.36,NA,NA,85.01,40.02,1.479,-1.6,0.8217,1.223,S,5.032e-5,5,89250,2666000,64.26,76.64,89.19,2.362,3.703,S,147,34.15,1.153,0.04706,4.198e-4,1.894,1.674,4.581,2.733,NA,NA,NA,NA,2.508,2.271,211,NA
STA-CH0033A,46.1603,8.93394,2020-12-31,203,26.44,23.09,NA,NA,99.57,49.82,1.992,-5.798,1.106,1.604,S,5.635e-4,5,89700,2211000,63.82,76.87,94.02,1.777,3.269,S,86.39,43.15,1.145,0.0332,4.1e-4,1.868,1.679,4.576,2.727,NA,NA,NA,NA,2.506,2.27,211,NA
